"POL SCI"	1
"ANTHRO"	1
"VIS SCI"	1
"SLAVIC"	1
"ANTHRO"	1
"SLAVIC"	1
"SLAVIC"	1
"FRENCH"	1
"FRENCH"	1
"FILM"	1
"EL ENG"	1
"EL ENG"	1
"EL ENG"	1
"MUSIC"	1
"PB HLTH"	1
"PB HLTH"	1
"LATIN"	1
"VIS SCI"	1
"VIS SCI"	1
"INFO"	1
"ETH GRP"	1
"ETH GRP"	1
"MCELLBI"	1
"COMPSCI"	1
"MCELLBI"	1
"MCELLBI"	1
"NUC ENG"	1
"HISTORY"	1
"GEOG"	1
"MUSIC"	1
"MUSIC"	1
"MUSIC"	1
"MUSIC"	1
"ITALIAN"	1
"MUSIC"	1
"PLANTBI"	1
"NE STUD"	1
"NE STUD"	1
"MBA"	1
"PHDBA"	1
"PHDBA"	1
"COMPSCI"	1
"INTEGBI"	1
"MUSIC"	1
"MUSIC"	1
"MUSIC"	1
"MUSIC"	1
"MUSIC"	1
"MUSIC"	1
"MUSIC"	1
"MUSIC"	1
"MUSIC"	1
"ANTHRO"	1
"RHETOR"	1
"RHETOR"	1
"RHETOR"	1
"MAT SCI"	1
"MCELLBI"	1
"MCELLBI"	1
"ETH STD"	1
"ETH STD"	1
"ENE,RES"	1
"ENE,RES"	1
"ENGIN"	1
"ENGIN"	1
"GEOG"	1
"DEMOG"	1
"DEMOG"	1
"EPS"	1
"COM LIT"	1
"CIV ENG"	1
"COM LIT"	1
"HEBREW"	1
"GPP"	1
"MBA"	1
"MBA"	1
"MBA"	1
"MBA"	1
"MBA"	1
"BUDDSTD"	1
"LGBT"	1
"MBA"	1
"MBA"	1
"MBA"	1
"PLANTBI"	1
"EWMBA"	1
"EWMBA"	1
"EWMBA"	1
"MUSIC"	1
"MBA"	1
"MUSIC"	1
"MUSIC"	1
"MBA"	1
"EL ENG"	1
"EL ENG"	1
"OPTOM"	1
"OPTOM"	1
"MUSIC"	1
"CHEM"	1
"AFRICAM"	1
"AFRICAM"	1
"FRENCH"	1
"FRENCH"	1
"CHINESE"	1
"SOC WEL"	1
"CHEM"	1
"CHEM"	1
"MEC ENG"	1
"MEC ENG"	1
"ASAMST"	1
"FRENCH"	1
"XMBA"	1
"AFRICAM"	1
"HISTART"	1
"CELTIC"	1
"CELTIC"	1
"PB HLTH"	1
"ASAMST"	1
"ECON"	1
"CHM ENG"	1
"ARCH"	1
"ARCH"	1
"MBA"	1
"MBA"	1
"MBA"	1
"ARCH"	1
"MBA"	1
"MBA"	1
"MUSIC"	1
"ANTHRO"	1
"MEC ENG"	1
"POLECON"	1
"MEC ENG"	1
"MATH"	1
"EL ENG"	1
"MATH"	1
"NUSCTX"	1
"NUSCTX"	1
"POL SCI"	1
"NUSCTX"	1
"NUSCTX"	1
"AFRICAM"	1
"NUSCTX"	1
"NUSCTX"	1
"NUSCTX"	1
"PB HLTH"	1
"CIV ENG"	1
"POL SCI"	1
"DEMOG"	1
"LEGALST"	1
"LEGALST"	1
"LEGALST"	1
"LEGALST"	1
"MBA"	1
"ESPM"	1
"MAT SCI"	1
"ESPM"	1
"ESPM"	1
"MAT SCI"	1
"ESPM"	1
"ESPM"	1
"HISTART"	1
"MCELLBI"	1
"MCELLBI"	1
"MCELLBI"	1
"HISTORY"	1
"HISTORY"	1
"PUB POL"	1
"CHICANO"	1
"CHICANO"	1
"PSYCH"	1
"GWS"	1
"GWS"	1
"GWS"	1
"PHILOS"	1
"PHILOS"	1
"PHILOS"	1
"PHILOS"	1
"PHILOS"	1
"ESPM"	1
"AFRICAM"	1
"AFRICAM"	1
"CHICANO"	1
"CHICANO"	1
"CHICANO"	1
"GWS"	1
"PB HLTH"	1
"PB HLTH"	1
"CIV ENG"	1
"INTEGBI"	1
"INTEGBI"	1
"INTEGBI"	1
"INTEGBI"	1
"INTEGBI"	1
"INTEGBI"	1
"HISTART"	1
"FRENCH"	1
"INTEGBI"	1
"INTEGBI"	1
"THEATER"	1
"THEATER"	1
"EL ENG"	1
"EL ENG"	1
"EL ENG"	1
"EL ENG"	1
"EL ENG"	1
"AMERSTD"	1
"ART"	1
"PB HLTH"	1
"EDUC"	1
"EDUC"	1
"EDUC"	1
"EL ENG"	1
"EL ENG"	1
"EWMBA"	1
"THAI"	1
"THAI"	1
"EL ENG"	1
"ASTRON"	1
"SPANISH"	1
"PB HLTH"	1
"PB HLTH"	1
"CIV ENG"	1
"ENVECON"	1
"CIV ENG"	1
"PB HLTH"	1
"LINGUIS"	1
"A,RESEC"	1
"A,RESEC"	1
"A,RESEC"	1
"A,RESEC"	1
"A,RESEC"	1
"S,SEASN"	1
"S,SEASN"	1
"PSYCH"	1
"PSYCH"	1
"ESPM"	1
"GERMAN"	1
"GERMAN"	1
"SLAVIC"	1
"SLAVIC"	1
"IND ENG"	1
"IND ENG"	1
"MUSIC"	1
"MUSIC"	1
"MUSIC"	1
"COMPSCI"	1
"MUSIC"	1
"CHEM"	1
"ISF"	1
"ISF"	1
"ISF"	1
"ISF"	1
"ISF"	1
"ISF"	1
"ISF"	1
"ISF"	1
"PUB POL"	1
"CHEM"	1
"MUSIC"	1
"MUSIC"	1
"RHETOR"	1
"FRENCH"	1
"JAPAN"	1
"EDUC"	1
"MCELLBI"	1
"MFE"	1
"MFE"	1
"MFE"	1
"MFE"	1
"MFE"	1
"MFE"	1
"MFE"	1
"MFE"	1
"MFE"	1
"MFE"	1
"MFE"	1
"MFE"	1
"MFE"	1
"MFE"	1
"MFE"	1
"MFE"	1
"MFE"	1
"ITALIAN"	1
"DEMOG"	1
"DEMOG"	1
"EDUC"	1
"EDUC"	1
"NUSCTX"	1
"NUSCTX"	1
"FILM"	1
"FILM"	1
"AEROSPC"	1
"AEROSPC"	1
"COLWRIT"	1
"COM LIT"	1
"PB HLTH"	1
"FRENCH"	1
"ESPM"	1
"HIN-URD"	1
"HIN-URD"	1
"OPTOM"	1
"OPTOM"	1
"MBA"	1
"MBA"	1
"MBA"	1
"ENV DES"	1
"MBA"	1
"MBA"	1
"MBA"	1
"MBA"	1
"MBA"	1
"MBA"	1
"SLAVIC"	1
"MBA"	1
"MBA"	1
"CY PLAN"	1
"EL ENG"	1
"ENVECON"	1
"ENVECON"	1
"ENVECON"	1
"ENVECON"	1
"ENVECON"	1
"PSYCH"	1
"MCELLBI"	1
"MCELLBI"	1
"PSYCH"	1
"MCELLBI"	1
"MCELLBI"	1
"MCELLBI"	1
"CHEM"	1
"PB HLTH"	1
"PB HLTH"	1
"ART"	1
"ART"	1
"ART"	1
"ART"	1
"ART"	1
"MCELLBI"	1
"PB HLTH"	1
"PB HLTH"	1
"PB HLTH"	1
"PB HLTH"	1
"ITALIAN"	1
"POL SCI"	1
"CELTIC"	1
"CELTIC"	1
"CELTIC"	1
"ECON"	1
"LD ARCH"	1
"POLECON"	1
"POLECON"	1
"NUSCTX"	1
"MATH"	1
"PB HLTH"	1
"PB HLTH"	1
"S,SEASN"	1
"S,SEASN"	1
"PB HLTH"	1
"MBA"	1
"MBA"	1
"MBA"	1
"MBA"	1
"ARCH"	1
"ARCH"	1
"ARCH"	1
"MBA"	1
"OPTOM"	1
"OPTOM"	1
"CHEM"	1
"CHEM"	1
"MUSIC"	1
"CHEM"	1
"CHEM"	1
"CHEM"	1
"CHEM"	1
"HISTART"	1
"NSE"	1
"ANTHRO"	1
"NSE"	1
"ART"	1
"ANTHRO"	1
"MUSIC"	1
"ANTHRO"	1
"ANTHRO"	1
"ANTHRO"	1
"MUSIC"	1
"ANTHRO"	1
"PSYCH"	1
"PSYCH"	1
"PSYCH"	1
"PSYCH"	1
"FILM"	1
"HISTORY"	1
"PUB POL"	1
"HISTORY"	1
"PUB POL"	1
"PHYS ED"	1
"GWS"	1
"PHYS ED"	1
"EL ENG"	1
"HISTORY"	1
"GWS"	1
"GWS"	1
"ETH STD"	1
"UGBA"	1
"MAT SCI"	1
"CHICANO"	1
"PHYSICS"	1
"PHYSICS"	1
"RHETOR"	1
"INFO"	1
"MEC ENG"	1
"CIV ENG"	1
"M E STU"	1
"LNS"	1
"M E STU"	1
"POL SCI"	1
"MUSIC"	1
"POL SCI"	1
"PHYSICS"	1
"PHYSICS"	1
"PHYSICS"	1
"INTEGBI"	1
"INTEGBI"	1
"INTEGBI"	1
"INTEGBI"	1
"INTEGBI"	1
"CIV ENG"	1
"RHETOR"	1
"RHETOR"	1
"AMERSTD"	1
"PB HLTH"	1
"EDUC"	1
"DUTCH"	1
"MEC ENG"	1
"DUTCH"	1
"GERMAN"	1
"PB HLTH"	1
"PB HLTH"	1
"JOURN"	1
"ASTRON"	1
"ASTRON"	1
"CIV ENG"	1
"CIV ENG"	1
"ENVECON"	1
"CIV ENG"	1
"CIV ENG"	1
"CIV ENG"	1
"CHINESE"	1
"GWS"	1
"MEDIAST"	1
"MEDIAST"	1
"A,RESEC"	1
"PB HLTH"	1
"A,RESEC"	1
"A,RESEC"	1
"PSYCH"	1
"PSYCH"	1
"PSYCH"	1
"CHINESE"	1
"MEDIAST"	1
"COG SCI"	1
"COM LIT"	1
"GERMAN"	1
"POL SCI"	1
"GERMAN"	1
"GERMAN"	1
"PHYSICS"	1
"MEC ENG"	1
"MEC ENG"	1
"MBA"	1
"SLAVIC"	1
"SLAVIC"	1
"GEOG"	1
"RELIGST"	1
"POLECON"	1
"CHEM"	1
"CHEM"	1
"MUSIC"	1
"MUSIC"	1
"CHEM"	1
"SPANISH"	1
"SLAVIC"	1
"SLAVIC"	1
"JAPAN"	1
"JAPAN"	1
"ANTHRO"	1
"POL SCI"	1
"POL SCI"	1
"POL SCI"	1
"LGBT"	1
"POL SCI"	1
"POL SCI"	1
"JEWISH"	1
"EDUC"	1
"POL SCI"	1
"MEDIAST"	1
"ENE,RES"	1
"DEV STD"	1
"ENE,RES"	1
"ENE,RES"	1
"SOC WEL"	1
"DEMOG"	1
"SOC WEL"	1
"EDUC"	1
"IAS"	1
"PB HLTH"	1
"PB HLTH"	1
"COG SCI"	1
"PLANTBI"	1
"COG SCI"	1
"COG SCI"	1
"PHDBA"	1
"EA LANG"	1
"ANTHRO"	1
"PHDBA"	1
"PHDBA"	1
"PHDBA"	1
"PHDBA"	1
"ENV DES"	1
"LGBT"	1
"ENV DES"	1
"ENV DES"	1
"PHYSICS"	1
"PHYSICS"	1
"ITALIAN"	1
"ITALIAN"	1
"ANTHRO"	1
"ITALIAN"	1
"ENGIN"	1
"MEC ENG"	1
"MEC ENG"	1
"NUC ENG"	1
"NUC ENG"	1
"PSYCH"	1
"CHEM"	1
"CHEM"	1
"CHINESE"	1
"ASAMST"	1
"ASAMST"	1
"ASAMST"	1
"ASAMST"	1
"ASAMST"	1
"HMEDSCI"	1
"EPS"	1
"EPS"	1
"BIO ENG"	1
"ASTRON"	1
"CY PLAN"	1
"INTEGBI"	1
"ITALIAN"	1
"INTEGBI"	1
"INTEGBI"	1
"MCELLBI"	1
"ECON"	1
"ECON"	1
"CY PLAN"	1
"NE STUD"	1
"HISTORY"	1
"MUSIC"	1
"FRENCH"	1
"S ASIAN"	1
"NUSCTX"	1
"CHM ENG"	1
"CHM ENG"	1
"CHM ENG"	1
"PACS"	1
"ARCH"	1
"OPTOM"	1
"MATH"	1
"MATH"	1
"ENGIN"	1
"UGBA"	1
"CIV ENG"	1
"FRENCH"	1
"ESPM"	1
"ANTHRO"	1
"RHETOR"	1
"ARCH"	1
"ARCH"	1
"SOCIOL"	1
"ARCH"	1
"ARCH"	1
"ESPM"	1
"ANTHRO"	1
"RELIGST"	1
"ANTHRO"	1
"ANTHRO"	1
"SOC WEL"	1
"BUDDSTD"	1
"ANTHRO"	1
"IAS"	1
"ANTHRO"	1
"PB HLTH"	1
"AGR CHM"	1
"ANTHRO"	1
"ANTHRO"	1
"JAPAN"	1
"JAPAN"	1
"NE STUD"	1
"NE STUD"	1
"PUNJABI"	1
"PUNJABI"	1
"CRIT TH"	1
"SOCIOL"	1
"EDUC"	1
"CHICANO"	1
"ASAMST"	1
"INTEGBI"	1
"CHICANO"	1
"THEATER"	1
"THEATER"	1
"THEATER"	1
"THEATER"	1
"POL SCI"	1
"INTEGBI"	1
"FILM"	1
"CIV ENG"	1
"PSYCH"	1
"JAPAN"	1
"PLANTBI"	1
"SPANISH"	1
"SPANISH"	1
"ESPM"	1
"THEATER"	1
"BUDDSTD"	1
"SLAVIC"	1
"SLAVIC"	1
"HISTORY"	1
"LD ARCH"	1
"HISTORY"	1
"HISTORY"	1
"LD ARCH"	1
"MEC ENG"	1
"AFRICAM"	1
"COG SCI"	1
"COG SCI"	1
"POL SCI"	1
"POL SCI"	1
"HISTART"	1
"POL SCI"	1
"HISTART"	1
"HISTART"	1
"ENGIN"	1
"ENGIN"	1
"INFO"	1
"BIOPHY"	1
"PHILOS"	1
"INFO"	1
"CY PLAN"	1
"CY PLAN"	1
"CY PLAN"	1
"POL SCI"	1
"POL SCI"	1
"POL SCI"	1
"CY PLAN"	1
"GERMAN"	1
"MEC ENG"	1
"GERMAN"	1
"MEC ENG"	1
"MEC ENG"	1
"HISTORY"	1
"ECON"	1
"HISTORY"	1
"ENGLISH"	1
"VIS SCI"	1
"ANTHRO"	1
"MBA"	1
"CIV ENG"	1
"COMPSCI"	1
"NUC ENG"	1
"HISTORY"	1
"PB HLTH"	1
"ENE,RES"	1
"ENE,RES"	1
"ENE,RES"	1
"JEWISH"	1
"MCELLBI"	1
"MCELLBI"	1
"MATH"	1
"MATH"	1
"MATH"	1
"MATH"	1
"MATH"	1
"MATH"	1
"INTEGBI"	1
"KHMER"	1
"KHMER"	1
"NATAMST"	1
"NATAMST"	1
"GEOG"	1
"BIOLOGY"	1
"SOC WEL"	1
"SOC WEL"	1
"SOC WEL"	1
"SOC WEL"	1
"SCANDIN"	1
"HISTART"	1
"ENV DES"	1
"SOCIOL"	1
"TURKISH"	1
"AFRICAM"	1
"AFRICAM"	1
"EA LANG"	1
"EA LANG"	1
"EA LANG"	1
"EA LANG"	1
"EA LANG"	1
"EDUC"	1
"EDUC"	1
"ITALIAN"	1
"EA LANG"	1
"ITALIAN"	1
"EL ENG"	1
"EL ENG"	1
"EL ENG"	1
"EL ENG"	1
"EL ENG"	1
"EL ENG"	1
"MATH"	1
"PSYCH"	1
"EPS"	1
"BIO ENG"	1
"ASAMST"	1
"GEOG"	1
"EPS"	1
"BIO ENG"	1
"PHYSICS"	1
"JOURN"	1
"ISF"	1
"INTEGBI"	1
"CELTIC"	1
"CELTIC"	1
"PLANTBI"	1
"ECON"	1
"ECON"	1
"PLANTBI"	1
"IND ENG"	1
"UGBA"	1
"UGBA"	1
"UGBA"	1
"UGBA"	1
"EL ENG"	1
"AMERSTD"	1
"AMERSTD"	1
"AMERSTD"	1
"POLECON"	1
"POLECON"	1
"POLECON"	1
"POLECON"	1
"PLANTBI"	1
"NEUROSC"	1
"NEUROSC"	1
"MATH"	1
"MATH"	1
"MCELLBI"	1
"PHYSICS"	1
"LINGUIS"	1
"ENGIN"	1
"ARCH"	1
"ARCH"	1
"ARCH"	1
"ARCH"	1
"ETH STD"	1
"ARCH"	1
"NE STUD"	1
"ARCH"	1
"ARCH"	1
"NE STUD"	1
"PUB POL"	1
"PUB POL"	1
"ANTHRO"	1
"PUB POL"	1
"SCANDIN"	1
"ANTHRO"	1
"PUB POL"	1
"PUB POL"	1
"ANTHRO"	1
"LNS"	1
"MEC ENG"	1
"CLASSIC"	1
"NUSCTX"	1
"RELIGST"	1
"IND ENG"	1
"ETH STD"	1
"FILM"	1
"FILM"	1
"PACS"	1
"SOCIOL"	1
"SOCIOL"	1
"SPANISH"	1
"EL ENG"	1
"CIV ENG"	1
"CHICANO"	1
"DEVP"	1
"DEVP"	1
"DEVP"	1
"PHYSICS"	1
"DEVP"	1
"ASAMST"	1
"THEATER"	1
"ASAMST"	1
"DEVP"	1
"DEVP"	1
"ENGIN"	1
"ENGIN"	1
"DUTCH"	1
"DEMOG"	1
"DUTCH"	1
"COMPSCI"	1
"LNS"	1
"KHMER"	1
"KHMER"	1
"CHICANO"	1
"INTEGBI"	1
"BIO ENG"	1
"INTEGBI"	1
"INTEGBI"	1
"INTEGBI"	1
"INTEGBI"	1
"EL ENG"	1
"NUSCTX"	1
"NUSCTX"	1
"THEATER"	1
"INFO"	1
"THEATER"	1
"COLWRIT"	1
"MEDIAST"	1
"MEDIAST"	1
"NUC ENG"	1
"NUC ENG"	1
"MEDIAST"	1
"NUC ENG"	1
"COM LIT"	1
"HISTORY"	1
"INTEGBI"	1
"EL ENG"	1
"ENV SCI"	1
"PHYSICS"	1
"PHYSICS"	1
"PHYSICS"	1
"BIO ENG"	1
"EL ENG"	1
"POL SCI"	1
"POL SCI"	1
"ENVECON"	1
"POL SCI"	1
"POL SCI"	1
"SLAVIC"	1
"SLAVIC"	1
"HISTART"	1
"HISTART"	1
"VIS SCI"	1
"VIS SCI"	1
"A,RESEC"	1
"VIS SCI"	1
"CHINESE"	1
"HISTORY"	1
"HISTORY"	1
"ART"	1
"ART"	1
"ART"	1
"ART"	1
"ART"	1
"GERMAN"	1
"MEC ENG"	1
"MEC ENG"	1
"MEC ENG"	1
"MEC ENG"	1
"MEC ENG"	1
"MEC ENG"	1
"XMBA"	1
"OPTOM"	1
"OPTOM"	1
"OPTOM"	1
"ASTRON"	1
"XMBA"	1
"CELTIC"	1
"XMBA"	1
"SLAVIC"	1
"SLAVIC"	1
"XMBA"	1
"IND ENG"	1
"IND ENG"	1
"IND ENG"	1
"IND ENG"	1
"GERMAN"	1
"GERMAN"	1
"MUSIC"	1
"MUSIC"	1
"MUSIC"	1
"SLAVIC"	1
"COMPSCI"	1
"COMPSCI"	1
"BIO ENG"	1
"BIO ENG"	1
"BIO ENG"	1
"KOREAN"	1
"RHETOR"	1
"COG SCI"	1
"COG SCI"	1
"ENE,RES"	1
"AFRICAM"	1
"PUB POL"	1
"ANTHRO"	1
"ANTHRO"	1
"PUB POL"	1
"ESPM"	1
"PB HLTH"	1
"PB HLTH"	1
"PB HLTH"	1
"PB HLTH"	1
"MATH"	1
"MATH"	1
"MATH"	1
"SOC WEL"	1
"SOC WEL"	1
"SOC WEL"	1
"SOC WEL"	1
"SOC WEL"	1
"SOC WEL"	1
"GERMAN"	1
"NATAMST"	1
"NATAMST"	1
"GERMAN"	1
"ARCH"	1
"MUSIC"	1
"BIO ENG"	1
"COG SCI"	1
"COG SCI"	1
"COG SCI"	1
"LINGUIS"	1
"LINGUIS"	1
"MIL SCI"	1
"MIL SCI"	1
"LATIN"	1
"LATIN"	1
"LATIN"	1
"CHM ENG"	1
"ANTHRO"	1
"CHM ENG"	1
"PB HLTH"	1
"PB HLTH"	1
"PB HLTH"	1
"PUB POL"	1
"CLASSIC"	1
"EL ENG"	1
"EL ENG"	1
"PB HLTH"	1
"PB HLTH"	1
"EL ENG"	1
"EL ENG"	1
"EL ENG"	1
"PSYCH"	1
"PSYCH"	1
"BIO ENG"	1
"POL SCI"	1
"POL SCI"	1
"NATAMST"	1
"NATAMST"	1
"GEOG"	1
"GPP"	1
"OPTOM"	1
"OPTOM"	1
"PB HLTH"	1
"AFRICAM"	1
"TIBETAN"	1
"TIBETAN"	1
"AFRICAM"	1
"INTEGBI"	1
"INTEGBI"	1
"PSYCH"	1
"PB HLTH"	1
"PB HLTH"	1
"PLANTBI"	1
"EL ENG"	1
"AFRICAM"	1
"PLANTBI"	1
"PHYS ED"	1
"VIETNMS"	1
"UGBA"	1
"UGBA"	1
"UGBA"	1
"AFRICAM"	1
"UGBA"	1
"AFRICAM"	1
"FOLKLOR"	1
"MCELLBI"	1
"HISTORY"	1
"HISTORY"	1
"VIS SCI"	1
"KOREAN"	1
"VIS SCI"	1
"VIS SCI"	1
"VIS SCI"	1
"VIS SCI"	1
"VIS SCI"	1
"BUDDSTD"	1
"ASTRON"	1
"ASTRON"	1
"SLAVIC"	1
"MEC ENG"	1
"HISTORY"	1
"INFO"	1
"MBA"	1
"MBA"	1
"MBA"	1
"STAT"	1
"ENGIN"	1
"MBA"	1
"INTEGBI"	1
"ETH STD"	1
"PLANTBI"	1
"SCANDIN"	1
"PLANTBI"	1
"HISTART"	1
"ANTHRO"	1
"ANTHRO"	1
"ANTHRO"	1
"ANTHRO"	1
"ESPM"	1
"CY PLAN"	1
"CY PLAN"	1
"CY PLAN"	1
"CY PLAN"	1
"CY PLAN"	1
"PUB POL"	1
"ANTHRO"	1
"EL ENG"	1
"PHDBA"	1
"CRIT TH"	1
"CRIT TH"	1
"ANTHRO"	1
"ANTHRO"	1
"PSYCH"	1
"RELIGST"	1
"S ASIAN"	1
"S ASIAN"	1
"EDUC"	1
"AMERSTD"	1
"DEMOG"	1
"ITALIAN"	1
"DEMOG"	1
"DEMOG"	1
"DEMOG"	1
"EDUC"	1
"ESPM"	1
"INTEGBI"	1
"ESPM"	1
"EDUC"	1
"ESPM"	1
"INFO"	1
"INFO"	1
"INFO"	1
"GWS"	1
"GWS"	1
"RHETOR"	1
"LNS"	1
"INTEGBI"	1
"INTEGBI"	1
"INTEGBI"	1
"COLWRIT"	1
"COLWRIT"	1
"PHILOS"	1
"THEATER"	1
"THEATER"	1
"THEATER"	1
"ENV DES"	1
"ENV DES"	1
"M E STU"	1
"PLANTBI"	1
"MATH"	1
"INFO"	1
"COLWRIT"	1
"COLWRIT"	1
"COLWRIT"	1
"POL SCI"	1
"INFO"	1
"ENGIN"	1
"ENGIN"	1
"MEC ENG"	1
"LD ARCH"	1
"CHEM"	1
"MEC ENG"	1
"CHEM"	1
"INTEGBI"	1
"VIS SCI"	1
"ART"	1
"ART"	1
"ART"	1
"ART"	1
"PB HLTH"	1
"MEC ENG"	1
"PSYCH"	1
"GERMAN"	1
"GERMAN"	1
"GERMAN"	1
"MEC ENG"	1
"GERMAN"	1
"GERMAN"	1
"GERMAN"	1
"COM LIT"	1
"ASTRON"	1
"ASTRON"	1
"PACS"	1
"FRENCH"	1
"FRENCH"	1
"FRENCH"	1
"FRENCH"	1
"HISTORY"	1
"PSYCH"	1
"ASTRON"	1
"ENGLISH"	1
"ESPM"	1
"ESPM"	1
"KOREAN"	1
"ESPM"	1
"POL SCI"	1
"MED ST"	1
"ASAMST"	1
"MCELLBI"	1
"PB HLTH"	1
"PB HLTH"	1
"PB HLTH"	1
"MATH"	1
"MATH"	1
"MATH"	1
"IAS"	1
"ISF"	1
"IAS"	1
"LATAMST"	1
"IAS"	1
"THEATER"	1
"THEATER"	1
"ENE,RES"	1
"MBA"	1
"HISTORY"	1
"MCELLBI"	1
"MCELLBI"	1
"HISTORY"	1
"FRENCH"	1
"AFRICAM"	1
"AFRICAM"	1
"BIO ENG"	1
"LINGUIS"	1
"OPTOM"	1
"OPTOM"	1
"CIV ENG"	1
"PB HLTH"	1
"PB HLTH"	1
"PB HLTH"	1
"FRENCH"	1
"FRENCH"	1
"FRENCH"	1
"INTEGBI"	1
"GMS"	1
"INTEGBI"	1
"INTEGBI"	1
"EL ENG"	1
"INTEGBI"	1
"EL ENG"	1
"VIETNMS"	1
"MBA"	1
"MBA"	1
"AST"	1
"CLASSIC"	1
"SLAVIC"	1
"ECON"	1
"MBA"	1
"MBA"	1
"VIS SCI"	1
"HISTART"	1
"HISTART"	1
"HISTART"	1
"UGBA"	1
"UGBA"	1
"UGBA"	1
"LINGUIS"	1
"LINGUIS"	1
"PHYSICS"	1
"UGBA"	1
"ART"	1
"ETH STD"	1
"MCELLBI"	1
"HISTORY"	1
"PB HLTH"	1
"ETH STD"	1
"S,SEASN"	1
"S,SEASN"	1
"MUSIC"	1
"MCELLBI"	1
"MCELLBI"	1
"MCELLBI"	1
"MCELLBI"	1
"MCELLBI"	1
"GWS"	1
"FRENCH"	1
"MBA"	1
"MBA"	1
"MBA"	1
"MBA"	1
"MBA"	1
"ETH STD"	1
"ETH STD"	1
"ETH STD"	1
"SCANDIN"	1
"SCANDIN"	1
"ANTHRO"	1
"ANTHRO"	1
"ANTHRO"	1
"ANTHRO"	1
"ANTHRO"	1
"ESPM"	1
"ESPM"	1
"ESPM"	1
"PUB POL"	1
"NWMEDIA"	1
"NWMEDIA"	1
"GERMAN"	1
"COMPSCI"	1
"ESPM"	1
"ESPM"	1
"ANTHRO"	1
"ANTHRO"	1
"POL SCI"	1
"PUB POL"	1
"PB HLTH"	1
"PB HLTH"	1
"PB HLTH"	1
"PB HLTH"	1
"PB HLTH"	1
"NATAMST"	1
"NATAMST"	1
"SOCIOL"	1
"EDUC"	1
"EDUC"	1
"SOCIOL"	1
"SOCIOL"	1
"SOCIOL"	1
"PB HLTH"	1
"PB HLTH"	1
"CHM ENG"	1
"HISTART"	1
"HISTART"	1
"JAPAN"	1
"HISTART"	1
"JAPAN"	1
"ITALIAN"	1
"NE STUD"	1
"JAPAN"	1
"S ASIAN"	1
"INFO"	1
"INFO"	1
"INFO"	1
"INFO"	1
"INFO"	1
"INFO"	1
"GWS"	1
"COLWRIT"	1
"ECON"	1
"ECON"	1
"INTEGBI"	1
"INTEGBI"	1
"INTEGBI"	1
"EDUC"	1
"EDUC"	1
"POL SCI"	1
"INTEGBI"	1
"AFRICAM"	1
"PHILOS"	1
"INFO"	1
"INFO"	1
"LD ARCH"	1
"LD ARCH"	1
"LD ARCH"	1
"LD ARCH"	1
"LD ARCH"	1
"LD ARCH"	1
"COLWRIT"	1
"AFRICAM"	1
"AFRICAM"	1
"LAN PRO"	1
"LAN PRO"	1
"SPANISH"	1
"SPANISH"	1
"ENGIN"	1
"ENGIN"	1
"HISTART"	1
"STAT"	1
"CHEM"	1
"CHEM"	1
"EWMBA"	1
"XMBA"	1
"ART"	1
"ART"	1
"ART"	1
"ART"	1
"ART"	1
"LD ARCH"	1
"LD ARCH"	1
"PB HLTH"	1
"SPANISH"	1
"SPANISH"	1
"ESPM"	1
"HISTORY"	1
"COMPSCI"	1
"COMPSCI"	1
"CIV ENG"	1
"GREEK"	1
"CLASSIC"	1
"COMPSCI"	1
"COMPSCI"	1
"RHETOR"	1
"RHETOR"	1
"ENGLISH"	1
"ENGIN"	1
"COM LIT"	1
"CIV ENG"	1
"ESPM"	1
"ESPM"	1
"CIV ENG"	1
"A,RESEC"	1
"ENE,RES"	1
"ENE,RES"	1
"ENE,RES"	1
"ENE,RES"	1
"ENE,RES"	1
"ENE,RES"	1
"XMBA"	1
"XMBA"	1
"MALAY/I"	1
"THEATER"	1
"THEATER"	1
"CHM ENG"	1
"CHM ENG"	1
"CHM ENG"	1
"MCELLBI"	1
"IND ENG"	1
"IND ENG"	1
"IND ENG"	1
"FILM"	1
"FILM"	1
"FILM"	1
"MATH"	1
"MATH"	1
"COG SCI"	1
"COG SCI"	1
"EL ENG"	1
"IAS"	1
"KOREAN"	1
"KOREAN"	1
"ESPM"	1
"ESPM"	1
"THEATER"	1
"MBA"	1
"CHEM"	1
"CHEM"	1
"CHEM"	1
"CHEM"	1
"EL ENG"	1
"HISTART"	1
"EL ENG"	1
"THEATER"	1
"HISTART"	1
"KOREAN"	1
"CHEM"	1
"ANTHRO"	1
"EWMBA"	1
"CELTIC"	1
"CELTIC"	1
"LINGUIS"	1
"PACS"	1
"PACS"	1
"SOC WEL"	1
"EDUC"	1
"SOC WEL"	1
"EDUC"	1
"EDUC"	1
"NUC ENG"	1
"GERMAN"	1
"GERMAN"	1
"NUC ENG"	1
"SOCIOL"	1
"LINGUIS"	1
"HISTORY"	1
"PHYSICS"	1
"EPS"	1
"CIV ENG"	1
"PORTUG"	1
"AFRICAM"	1
"AFRICAM"	1
"PB HLTH"	1
"FILM"	1
"POL SCI"	1
"POL SCI"	1
"POL SCI"	1
"AFRICAM"	1
"UGBA"	1
"UGBA"	1
"PB HLTH"	1
"UGBA"	1
"PB HLTH"	1
"PB HLTH"	1
"UGBA"	1
"COMPSCI"	1
"SLAVIC"	1
"S,SEASN"	1
"UGBA"	1
"BUDDSTD"	1
"FRENCH"	1
"AFRICAM"	1
"S,SEASN"	1
"PERSIAN"	1
"GWS"	1
"GWS"	1
"GWS"	1
"GWS"	1
"GWS"	1
"COMPSCI"	1
"COMPSCI"	1
"COMPSCI"	1
"COMPSCI"	1
"ESPM"	1
"ESPM"	1
"ESPM"	1
"ESPM"	1
"ESPM"	1
"RHETOR"	1
"CY PLAN"	1
"CY PLAN"	1
"SEASIAN"	1
"SEASIAN"	1
"SCANDIN"	1
"SCANDIN"	1
"SEASIAN"	1
"MCELLBI"	1
"FRENCH"	1
"COMPSCI"	1
"UGBA"	1
"GERMAN"	1
"MAT SCI"	1
"MAT SCI"	1
"MAT SCI"	1
"SCANDIN"	1
"RELIGST"	1
"PB HLTH"	1
"LNS"	1
"SOCIOL"	1
"SOCIOL"	1
"EDUC"	1
"SOCIOL"	1
"SOCIOL"	1
"SOCIOL"	1
"CHEM"	1
"CHEM"	1
"CHEM"	1
"HISTART"	1
"ITALIAN"	1
"ITALIAN"	1
"PB HLTH"	1
"SLAVIC"	1
"HISTORY"	1
"MFE"	1
"SLAVIC"	1
"INTEGBI"	1
"EDUC"	1
"MCELLBI"	1
"MCELLBI"	1
"MCELLBI"	1
"MCELLBI"	1
"IAS"	1
"MCELLBI"	1
"TIBETAN"	1
"LD ARCH"	1
"TIBETAN"	1
"INTEGBI"	1
"EL ENG"	1
"AFRICAM"	1
"SPANISH"	1
"LINGUIS"	1
"SPANISH"	1
"SPANISH"	1
"MEC ENG"	1
"MEC ENG"	1
"MEC ENG"	1
"MEC ENG"	1
"MEC ENG"	1
"MEC ENG"	1
"MEC ENG"	1
"MEC ENG"	1
"PLANTBI"	1
"COMPSCI"	1
"OPTOM"	1
"POL SCI"	1
"CLASSIC"	1
"CLASSIC"	1
"CLASSIC"	1
"CLASSIC"	1
"LEGALST"	1
"THEATER"	1
"CHINESE"	1
"CHINESE"	1
"CHINESE"	1
"CHM ENG"	1
"NE STUD"	1
"NUC ENG"	1
"PUB POL"	1
"NUC ENG"	1
"SOCIOL"	1
"LD ARCH"	1
"HISTORY"	1
"NE STUD"	1
"ANTHRO"	1
"ANTHRO"	1
"CHM ENG"	1
"INTEGBI"	1
"MATH"	1
"ESPM"	1
"ESPM"	1
"CLASSIC"	1
"CLASSIC"	1
"CHM ENG"	1
"CHM ENG"	1
"IND ENG"	1
"IND ENG"	1
"IND ENG"	1
"MATH"	1
"MATH"	1
"MATH"	1
"MATH"	1
"PUB POL"	1
"RELIGST"	1
"SEASIAN"	1
"GEOG"	1
"THEATER"	1
"MCELLBI"	1
"MCELLBI"	1
"MCELLBI"	1
"LINGUIS"	1
"MEC ENG"	1
"MEC ENG"	1
"MEC ENG"	1
"CMPBIO"	1
"LINGUIS"	1
"MEC ENG"	1
"ESPM"	1
"JOURN"	1
"AST"	1
"EA LANG"	1
"EA LANG"	1
"CMPBIO"	1
"CMPBIO"	1
"NUC ENG"	1
"NUC ENG"	1
"CHEM"	1
"NUC ENG"	1
"NUC ENG"	1
"EPS"	1
"GWS"	1
"EPS"	1
"BIO ENG"	1
"BIO ENG"	1
"EA LANG"	1
"LD ARCH"	1
"SOCIOL"	1
"BIO ENG"	1
"HISTORY"	1
"HISTORY"	1
"INTEGBI"	1
"AFRICAM"	1
"AFRICAM"	1
"PORTUG"	1
"PORTUG"	1
"EDUC"	1
"EDUC"	1
"EDUC"	1
"EL ENG"	1
"EDUC"	1
"PHILOS"	1
"PHILOS"	1
"PB HLTH"	1
"AFRICAM"	1
"PB HLTH"	1
"PB HLTH"	1
"AFRICAM"	1
"AFRICAM"	1
"PHILOS"	1
"AFRICAM"	1
"EPS"	1
"CLASSIC"	1
"ARCH"	1
"PORTUG"	1
"SLAVIC"	1
"INTEGBI"	1
"SLAVIC"	1
"PLANTBI"	1
"INTEGBI"	1
"PERSIAN"	1
"LD ARCH"	1
"HISTORY"	1
"COMPSCI"	1
"STAT"	1
"COMPSCI"	1
"COMPSCI"	1
"COMPSCI"	1
"STAT"	1
"ESPM"	1
"ESPM"	1
"ESPM"	1
"RHETOR"	1
"RHETOR"	1
"ESPM"	1
"MEC ENG"	1
"MEC ENG"	1
"ESPM"	1
"ESPM"	1
"MEC ENG"	1
"CY PLAN"	1
"MEC ENG"	1
"MEC ENG"	1
"MEC ENG"	1
"MEC ENG"	1
"MEC ENG"	1
"MEC ENG"	1
"MEC ENG"	1
"MEC ENG"	1
"FILM"	1
"MCELLBI"	1
"OPTOM"	1
"PHDBA"	1
"NATAMST"	1
"NATAMST"	1
"NATAMST"	1
"CHICANO"	1
"CHICANO"	1
"MUSIC"	1
"CHICANO"	1
"ETH GRP"	1
"MAT SCI"	1
"MAT SCI"	1
"ENGIN"	1
"ENGIN"	1
"ENGIN"	1
"ENGIN"	1
"ENGIN"	1
"ENGIN"	1
"INFO"	1
"ENGIN"	1
"INFO"	1
"ENGIN"	1
"INFO"	1
"PB HLTH"	1
"ESPM"	1
"NUSCTX"	1
"NUSCTX"	1
"FRENCH"	1
"FRENCH"	1
"MATH"	1
"VIS SCI"	1
"VIS SCI"	1
"OPTOM"	1
"LINGUIS"	1
"INTEGBI"	1
"AFRICAM"	1
"AFRICAM"	1
"HMEDSCI"	1
"HMEDSCI"	1
"HMEDSCI"	1
"MEC ENG"	1
"MEC ENG"	1
"MEC ENG"	1
"MEC ENG"	1
"FRENCH"	1
"MCELLBI"	1
"OPTOM"	1
"HISTART"	1
"COMPSCI"	1
"THEATER"	1
"ETH STD"	1
"BIO ENG"	1
"BIO ENG"	1
"CIV ENG"	1
"RHETOR"	1
"LD ARCH"	1
"CIV ENG"	1
"MEDIAST"	1
"SCANDIN"	1
"SCANDIN"	1
"POL SCI"	1
"POL SCI"	1
"HIN-URD"	1
"HIN-URD"	1
"CLASSIC"	1
"PHYSICS"	1
"PSYCH"	1
"HISTORY"	1
"ANTHRO"	1
"MEC ENG"	1
"CHM ENG"	1
"EWMBA"	1
"CHM ENG"	1
"STAT"	1
"STAT"	1
"DEMOG"	1
"ESPM"	1
"IAS"	1
"MCELLBI"	1
"MUSIC"	1
"ESPM"	1
"NUSCTX"	1
"ESPM"	1
"NAV SCI"	1
"NAV SCI"	1
"MBA"	1
"SOC WEL"	1
"BIOPHY"	1
"BIOPHY"	1
"MUSIC"	1
"AST"	1
"PORTUG"	1
"PORTUG"	1
"THEATER"	1
"THEATER"	1
"THEATER"	1
"THEATER"	1
"BIO ENG"	1
"BIO ENG"	1
"BIO ENG"	1
"LINGUIS"	1
"GEOG"	1
"GERMAN"	1
"LEGALST"	1
"LEGALST"	1
"LEGALST"	1
"LEGALST"	1
"LEGALST"	1
"LEGALST"	1
"LNS"	1
"LNS"	1
"LNS"	1
"LNS"	1
"LNS"	1
"LNS"	1
"BIO ENG"	1
"INTEGBI"	1
"AFRICAM"	1
"INTEGBI"	1
"AFRICAM"	1
"FRENCH"	1
"FILM"	1
"FRENCH"	1
"CHEM"	1
"VIS STD"	1
"VIS STD"	1
"MCELLBI"	1
"UGBA"	1
"UGBA"	1
"PHILOS"	1
"PHILOS"	1
"PHILOS"	1
"PHILOS"	1
"AFRICAM"	1
"AFRICAM"	1
"UGBA"	1
"AFRICAM"	1
"AFRICAM"	1
"AFRICAM"	1
"AFRICAM"	1
"PSYCH"	1
"AFRICAM"	1
"AFRICAM"	1
"AFRICAM"	1
"AFRICAM"	1
"AEROSPC"	1
"IAS"	1
"ASIANST"	1
"ASIANST"	1
"JOURN"	1
"JOURN"	1
"BUDDSTD"	1
"BUDDSTD"	1
"BUDDSTD"	1
"ESPM"	1
"COG SCI"	1
"CLASSIC"	1
"UGBA"	1
"FRENCH"	1
"FRENCH"	1
"FRENCH"	1
"PSYCH"	1
"HISTORY"	1
"HISTORY"	1
"HISTORY"	1
"GWS"	1
"GWS"	1
"GWS"	1
"LNS"	1
"GWS"	1
"TAMIL"	1
"TAMIL"	1
"COMPSCI"	1
"SOCIOL"	1
"SPANISH"	1
"SPANISH"	1
"MCELLBI"	1
"BUDDSTD"	1
"CY PLAN"	1
"IND ENG"	1
"CY PLAN"	1
"IND ENG"	1
"IND ENG"	1
"IND ENG"	1
"ASTRON"	1
"VIS SCI"	1
"NAV SCI"	1
"NAV SCI"	1
"OPTOM"	1
"PB HLTH"	1
"MUSIC"	1
"CHEM"	1
"CHEM"	1
"NE STUD"	1
"CHINESE"	1
"CHINESE"	1
"CHINESE"	1
"NE STUD"	1
"LGBT"	1
"LGBT"	1
"PUB POL"	1
"PB HLTH"	1
"PUB POL"	1
"S ASIAN"	1
"EPS"	1
"SOCIOL"	1
"SOCIOL"	1
"SOCIOL"	1
"EDUC"	1
"AMERSTD"	1
"AMERSTD"	1
"MAT SCI"	1
"M E STU"	1
"IND ENG"	1
"CIV ENG"	1
"ENE,RES"	1
"MAT SCI"	1
"CIV ENG"	1
"ENV DES"	1
"ENV DES"	1
"MUSIC"	1
"MUSIC"	1
"MUSIC"	1
"STAT"	1
"ESPM"	1
"MUSIC"	1
"MUSIC"	1
"MAT SCI"	1
"NATAMST"	1
"MUSIC"	1
"MCELLBI"	1
"PB HLTH"	1
"TAMIL"	1
"MEDIAST"	1
"TAMIL"	1
"MATH"	1
"MCELLBI"	1
"MCELLBI"	1
"STAT"	1
"MCELLBI"	1
"MATH"	1
"IAS"	1
"DEMOG"	1
"ITALIAN"	1
"DEMOG"	1
"DEMOG"	1
"COLWRIT"	1
"UGIS"	1
"UGIS"	1
"ASTRON"	1
"ENV DES"	1
"OPTOM"	1
"SLAVIC"	1
"SLAVIC"	1
"HISTORY"	1
"FRENCH"	1
"COMPSCI"	1
"ART"	1
"ART"	1
"ART"	1
"ART"	1
"KOREAN"	1
"KOREAN"	1
"AFRICAM"	1
"MCELLBI"	1
"INTEGBI"	1
"PHDBA"	1
"PHDBA"	1
"ASTRON"	1
"STAT"	1
"COMPSCI"	1
"BIO ENG"	1
"COMPSCI"	1
"MEC ENG"	1
"BIO ENG"	1
"MCELLBI"	1
"SLAVIC"	1
"BIO ENG"	1
"HISTORY"	1
"SLAVIC"	1
"SLAVIC"	1
"SLAVIC"	1
"SLAVIC"	1
"SLAVIC"	1
"EWMBA"	1
"EWMBA"	1
"EWMBA"	1
"MCELLBI"	1
"AFRICAM"	1
"AFRICAM"	1
"COM LIT"	1
"PLANTBI"	1
"PLANTBI"	1
"CIV ENG"	1
"ESPM"	1
"NE STUD"	1
"NE STUD"	1
"NE STUD"	1
"MAT SCI"	1
"THEATER"	1
"THEATER"	1
"EWMBA"	1
"EWMBA"	1
"EL ENG"	1
"THEATER"	1
"IND ENG"	1
"ESPM"	1
"IND ENG"	1
"IND ENG"	1
"IND ENG"	1
"IND ENG"	1
"NUSCTX"	1
"ESPM"	1
"ESPM"	1
"EL ENG"	1
"ESPM"	1
"SCANDIN"	1
"COM LIT"	1
"COM LIT"	1
"SOCIOL"	1
"GEOG"	1
"GEOG"	1
"SOC WEL"	1
"SOC WEL"	1
"SOC WEL"	1
"GSPDP"	1
"BIOLOGY"	1
"BIOLOGY"	1
"ARCH"	1
"HISTORY"	1
"HISTORY"	1
"NUC ENG"	1
"NUC ENG"	1
"NUC ENG"	1
"GERMAN"	1
"LATIN"	1
"LATIN"	1
"EDUC"	1
"EDUC"	1
"MAT SCI"	1
"MAT SCI"	1
"MAT SCI"	1
"CIV ENG"	1
"CIV ENG"	1
"EL ENG"	1
"EL ENG"	1
"CIV ENG"	1
"EL ENG"	1
"BIOLOGY"	1
"PB HLTH"	1
"PB HLTH"	1
"PB HLTH"	1
"PB HLTH"	1
"PB HLTH"	1
"PB HLTH"	1
"JOURN"	1
"UGBA"	1
"LD ARCH"	1
"KOREAN"	1
"GWS"	1
"NUSCTX"	1
"EL ENG"	1
"EL ENG"	1
"UGBA"	1
"UGBA"	1
"SLAVIC"	1
"BIO ENG"	1
"GWS"	1
"AFRICAM"	1
"AFRICAM"	1
"GWS"	1
"GWS"	1
"MCELLBI"	1
"MCELLBI"	1
"ECON"	1
"MCELLBI"	1
"PACS"	1
"IND ENG"	1
"PLANTBI"	1
"PB HLTH"	1
"MEC ENG"	1
"MEC ENG"	1
"PACS"	1
"PACS"	1
"ETH STD"	1
"PACS"	1
"PACS"	1
"PACS"	1
"ARCH"	1
"ARCH"	1
"LNS"	1
"ARCH"	1
"KOREAN"	1
"ASTRON"	1
"LNS"	1
"CHEM"	1
"CHEM"	1
"MCELLBI"	1
"MCELLBI"	1
"PUB POL"	1
"PUB POL"	1
"LD ARCH"	1
"PUB POL"	1
"PUB POL"	1
"CIV ENG"	1
"ANTHRO"	1
"MCELLBI"	1
"CIV ENG"	1
"MUSIC"	1
"EDUC"	1
"SCANDIN"	1
"ETH GRP"	1
"ETH GRP"	1
"ETH GRP"	1
"ETH GRP"	1
"SCANDIN"	1
"JAPAN"	1
"JAPAN"	1
"CIV ENG"	1
"CIV ENG"	1
"CIV ENG"	1
"INFO"	1
"SCANDIN"	1
"ITALIAN"	1
"ITALIAN"	1
"INTEGBI"	1
"ANTHRO"	1
"ANTHRO"	1
"SOCIOL"	1
"CY PLAN"	1
"MEDIAST"	1
"MCELLBI"	1
"ARCH"	1
"BUDDSTD"	1
"TIBETAN"	1
"LINGUIS"	1
"LINGUIS"	1
"LINGUIS"	1
"PHDBA"	1
"UGIS"	1
"UGIS"	1
"UGIS"	1
"UGIS"	1
"UGIS"	1
"UGIS"	1
"UGIS"	1
"ENV DES"	1
"CHEM"	1
"CHEM"	1
"CHEM"	1
"CHEM"	1
"EA LANG"	1
"MEC ENG"	1
"EA LANG"	1
"FRENCH"	1
"ESPM"	1
"NUC ENG"	1
"EDUC"	1
"EDUC"	1
"NUC ENG"	1
"EDUC"	1
"EDUC"	1
"NUC ENG"	1
"BIO ENG"	1
"BIO ENG"	1
"BIO ENG"	1
"BIO ENG"	1
"BIO ENG"	1
"BIO ENG"	1
"THEATER"	1
"THEATER"	1
"JOURN"	1
"LD ARCH"	1
"LD ARCH"	1
"AFRICAM"	1
"AFRICAM"	1
"AEROSPC"	1
"AEROSPC"	1
"EL ENG"	1
"MEC ENG"	1
"EL ENG"	1
"EL ENG"	1
"MEC ENG"	1
"MEC ENG"	1
"MEC ENG"	1
"MEC ENG"	1
"MEC ENG"	1
"EL ENG"	1
"CIV ENG"	1
"INFO"	1
"CIV ENG"	1
"CIV ENG"	1
"INFO"	1
"LAN PRO"	1
"MIL SCI"	1
"MIL SCI"	1
"ENVECON"	1
"ENVECON"	1
"ENVECON"	1
"ENVECON"	1
"ENVECON"	1
"ANTHRO"	1
"ASAMST"	1
"JOURN"	1
"NE STUD"	1
"NE STUD"	1
"MATH"	1
"MATH"	1
"ASIANST"	1
"COMPSCI"	1
"COMPSCI"	1
"COMPSCI"	1
"CHM ENG"	1
"KOREAN"	1
"KOREAN"	1
"MCELLBI"	1
"NUSCTX"	1
"NUSCTX"	1
"MED ST"	1
"MCELLBI"	1
"ESPM"	1
"ESPM"	1
"MUSIC"	1
"MBA"	1
"MBA"	1
"PLANTBI"	1
"PLANTBI"	1
"CELTIC"	1
"ASAMST"	1
"THEATER"	1
"ISF"	1
"FRENCH"	1
"CHEM"	1
"A,RESEC"	1
"ISF"	1
"CHEM"	1
"FRENCH"	1
"JAPAN"	1
"UGBA"	1
"JAPAN"	1
"LNS"	1
"LNS"	1
"EDUC"	1
"HIN-URD"	1
"NUSCTX"	1
"CHM ENG"	1
"CHM ENG"	1
"POL SCI"	1
"POL SCI"	1
"KOREAN"	1
"COM LIT"	1
"GERMAN"	1
"GERMAN"	1
"GERMAN"	1
"LD ARCH"	1
"LD ARCH"	1
"LD ARCH"	1
"LD ARCH"	1
"LD ARCH"	1
"S,SEASN"	1
"CHM ENG"	1
"S,SEASN"	1
"S,SEASN"	1
"PHYSICS"	1
"PB HLTH"	1
"JOURN"	1
"JOURN"	1
"JOURN"	1
"JOURN"	1
"JOURN"	1
"JOURN"	1
"JOURN"	1
"LD ARCH"	1
"JOURN"	1
"JOURN"	1
"ESPM"	1
"UGBA"	1
"UGBA"	1
"UGBA"	1
"FRENCH"	1
"FRENCH"	1
"PLANTBI"	1
"FRENCH"	1
"PLANTBI"	1
"EL ENG"	1
"POL SCI"	1
"LNS"	1
"LNS"	1
"LNS"	1
"LNS"	1
"LNS"	1
"BIO ENG"	1
"MCELLBI"	1
"JAPAN"	1
"JAPAN"	1
"JAPAN"	1
"ASTRON"	1
"POL SCI"	1
"ASTRON"	1
"EDUC"	1
"EL ENG"	1
"EL ENG"	1
"MUSIC"	1
"PACS"	1
"STAT"	1
"STAT"	1
"MALAY/I"	1
"S ASIAN"	1
"DEV STD"	1
"CHM ENG"	1
"EDUC"	1
"NATAMST"	1
"SCANDIN"	1
"PB HLTH"	1
"PLANTBI"	1
"AFRICAM"	1
"GERMAN"	1
"MAT SCI"	1
"MAT SCI"	1
"MAT SCI"	1
"MAT SCI"	1
"CIV ENG"	1
"ARCH"	1
"CIV ENG"	1
"CIV ENG"	1
"EPS"	1
"CIV ENG"	1
"ARCH"	1
"CIV ENG"	1
"CIV ENG"	1
"ARCH"	1
"SCANDIN"	1
"VIS SCI"	1
"SOCIOL"	1
"SOCIOL"	1
"ENV DES"	1
"SOCIOL"	1
"SOCIOL"	1
"SOCIOL"	1
"SOCIOL"	1
"SOCIOL"	1
"SOCIOL"	1
"PHYSICS"	1
"PHYSICS"	1
"IAS"	1
"IAS"	1
"IAS"	1
"MEDIAST"	1
"POL SCI"	1
"DUTCH"	1
"DUTCH"	1
"DUTCH"	1
"DUTCH"	1
"ESPM"	1
"BIO ENG"	1
"PB HLTH"	1
"OPTOM"	1
"RHETOR"	1
"RHETOR"	1
"MEC ENG"	1
"MEC ENG"	1
"SOCIOL"	1
"NUC ENG"	1
"INTEGBI"	1
"NUC ENG"	1
"BIO ENG"	1
"BIO ENG"	1
"BIO ENG"	1
"SOCIOL"	1
"FRENCH"	1
"FRENCH"	1
"RHETOR"	1
"CIV ENG"	1
"UGIS"	1
"POL SCI"	1
"IND ENG"	1
"IND ENG"	1
"CHM ENG"	1
"PLANTBI"	1
"PLANTBI"	1
"ENVECON"	1
"PHYSICS"	1
"EWMBA"	1
"ENVECON"	1
"ETH GRP"	1
"ENVECON"	1
"HISTORY"	1
"UGBA"	1
"UGBA"	1
"CHINESE"	1
"ENVECON"	1
"CHINESE"	1
"CHINESE"	1
"S,SEASN"	1
"COLWRIT"	1
"ASAMST"	1
"ASAMST"	1
"ESPM"	1
"ASAMST"	1
"ASAMST"	1
"ASAMST"	1
"CHINESE"	1
"CHINESE"	1
"NUSCTX"	1
"IAS"	1
"NUSCTX"	1
"NUSCTX"	1
"NUSCTX"	1
"IAS"	1
"CHM ENG"	1
"NUSCTX"	1
"ANTHRO"	1
"ENV SCI"	1
"CHEM"	1
"ESPM"	1
"ESPM"	1
"ESPM"	1
"VIS SCI"	1
"VIS SCI"	1
"ESPM"	1
"ESPM"	1
"ESPM"	1
"ESPM"	1
"SOCIOL"	1
"LNS"	1
"SOCIOL"	1
"SOCIOL"	1
"ENV SCI"	1
"ESPM"	1
"ESPM"	1
"GWS"	1
"NATAMST"	1
"MUSIC"	1
"AFRICAM"	1
"EWMBA"	1
"UGIS"	1
"UGIS"	1
"CHEM"	1
"CHEM"	1
"CHEM"	1
"CHEM"	1
"PERSIAN"	1
"PERSIAN"	1
"NUSCTX"	1
"NUSCTX"	1
"NATAMST"	1
"NATAMST"	1
"NATAMST"	1
"NATAMST"	1
"CIV ENG"	1
"MEC ENG"	1
"MALAY/I"	1
"SOC WEL"	1
"MAT SCI"	1
"SOC WEL"	1
"PB HLTH"	1
"MUSIC"	1
"MCELLBI"	1
"S ASIAN"	1
"S ASIAN"	1
"ARCH"	1
"ARCH"	1
"ARCH"	1
"ARCH"	1
"M E STU"	1
"M E STU"	1
"PHILOS"	1
"PHILOS"	1
"INTEGBI"	1
"M E STU"	1
"VIS STD"	1
"CHICANO"	1
"PB HLTH"	1
"PB HLTH"	1
"EL ENG"	1
"JOURN"	1
"GWS"	1
"PHYSICS"	1
"PHYSICS"	1
"LNS"	1
"GEOG"	1
"JOURN"	1
"JOURN"	1
"JOURN"	1
"JOURN"	1
"SLAVIC"	1
"SLAVIC"	1
"JAPAN"	1
"ASTRON"	1
"CHM ENG"	1
"COMPSCI"	1
"PACS"	1
"PACS"	1
"PACS"	1
"POL SCI"	1
"ASTRON"	1
"LGBT"	1
"DUTCH"	1
"PB HLTH"	1
"PB HLTH"	1
"INTEGBI"	1
"LATIN"	1
"AFRICAM"	1
"ANTHRO"	1
"ANTHRO"	1
"ASAMST"	1
"UGIS"	1
"MAT SCI"	1
"CY PLAN"	1
"MAT SCI"	1
"IND ENG"	1
"CY PLAN"	1
"CIV ENG"	1
"CIV ENG"	1
"CIV ENG"	1
"CIV ENG"	1
"CIV ENG"	1
"CIV ENG"	1
"ARCH"	1
"ESPM"	1
"ARCH"	1
"UGBA"	1
"UGBA"	1
"HISTART"	1
"SOC WEL"	1
"SOC WEL"	1
"SCANDIN"	1
"SCANDIN"	1
"PHYSICS"	1
"PHYSICS"	1
"POL SCI"	1
"IAS"	1
"ENE,RES"	1
"DEMOG"	1
"DEMOG"	1
"ANTHRO"	1
"ANTHRO"	1
"ANTHRO"	1
"HMEDSCI"	1
"HMEDSCI"	1
"HMEDSCI"	1
"COMPBIO"	1
"AFRICAM"	1
"AFRICAM"	1
"COMPBIO"	1
"EDUC"	1
"MEC ENG"	1
"EDUC"	1
"EDUC"	1
"COMPSCI"	1
"COMPSCI"	1
"COMPSCI"	1
"COMPSCI"	1
"COMPSCI"	1
"INTEGBI"	1
"COMPSCI"	1
"COMPSCI"	1
"GEOG"	1
"GEOG"	1
"ITALIAN"	1
"HISTORY"	1
"ASTRON"	1
"ASTRON"	1
"SOC WEL"	1
"SOC WEL"	1
"LEGALST"	1
"EPS"	1
"PLANTBI"	1
"EDUC"	1
"RHETOR"	1
"POL SCI"	1
"RELIGST"	1
"PLANTBI"	1
"FILIPN"	1
"FILIPN"	1
"COMPSCI"	1
"COMPSCI"	1
"MATH"	1
"ENV DES"	1
"COMPSCI"	1
"ENV DES"	1
"ENV DES"	1
"ENV DES"	1
"EL ENG"	1
"EWMBA"	1
"EWMBA"	1
"EWMBA"	1
"EAEURST"	1
"EWMBA"	1
"EWMBA"	1
"EWMBA"	1
"EWMBA"	1
"SPANISH"	1
"EWMBA"	1
"AFRICAM"	1
"ENVECON"	1
"PHYSICS"	1
"ENVECON"	1
"PSYCH"	1
"PSYCH"	1
"PSYCH"	1
"PSYCH"	1
"CHM ENG"	1
"PSYCH"	1
"CHM ENG"	1
"CHM ENG"	1
"S,SEASN"	1
"NEUROSC"	1
"MBA"	1
"MBA"	1
"MBA"	1
"NEUROSC"	1
"NEUROSC"	1
"NEUROSC"	1
"ANTHRO"	1
"ANTHRO"	1
"ANTHRO"	1
"MATH"	1
"XMBA"	1
"AMERSTD"	1
"CHEM"	1
"ESPM"	1
"ESPM"	1
"MBA"	1
"ESPM"	1
"ANTHRO"	1
"ENGIN"	1
"ANTHRO"	1
"SOCIOL"	1
"ENV SCI"	1
"EPS"	1
"ESPM"	1
"PLANTBI"	1
"PLANTBI"	1
"PHYS ED"	1
"CELTIC"	1
"CELTIC"	1
"ESPM"	1
"ESPM"	1
"EWMBA"	1
"EWMBA"	1
"FILM"	1
"HISTORY"	1
"EWMBA"	1
"EWMBA"	1
"EWMBA"	1
"EWMBA"	1
"LEGALST"	1
"CIV ENG"	1
"LEGALST"	1
"LEGALST"	1
"LEGALST"	1
"EWMBA"	1
"LD ARCH"	1
"GERMAN"	1
"GERMAN"	1
"UGIS"	1
"CELTIC"	1
"CELTIC"	1
"CHEM"	1
"CHEM"	1
"PHILOS"	1
"ETH STD"	1
"THEATER"	1
"THEATER"	1
"MCELLBI"	1
"ENV SCI"	1
"ARCH"	1
"ARCH"	1
"LATIN"	1
"CHM ENG"	1
"PB HLTH"	1
"CHINESE"	1
"CHINESE"	1
"COLWRIT"	1
"EL ENG"	1
"IND ENG"	1
"IND ENG"	1
"AFRICAM"	1
"LD ARCH"	1
"LD ARCH"	1
"LD ARCH"	1
"LD ARCH"	1
"LD ARCH"	1
"LD ARCH"	1
"LNS"	1
"PHYSICS"	1
"PHYSICS"	1
"PHYSICS"	1
"S,SEASN"	1
"CLASSIC"	1
"SLAVIC"	1
"STAT"	1
"SLAVIC"	1
"EDUC"	1
"EA LANG"	1
"GEOG"	1
"GEOG"	1
"POL SCI"	1
"POL SCI"	1
"PACS"	1
"PACS"	1
"SANSKR"	1
"SANSKR"	1
"IAS"	1
"IAS"	1
"CHINESE"	1
"NATAMST"	1
"PB HLTH"	1
"PHILOS"	1
"HISTORY"	1
"ASAMST"	1
"ASAMST"	1
"ASAMST"	1
"CIV ENG"	1
"ANTHRO"	1
"ESPM"	1
"ESPM"	1
"ESPM"	1
"ANTHRO"	1
"EDUC"	1
"ANTHRO"	1
"ANTHRO"	1
"ANTHRO"	1
"CIV ENG"	1
"CIV ENG"	1
"CIV ENG"	1
"CIV ENG"	1
"ARCH"	1
"FOLKLOR"	1
"ARCH"	1
"ARCH"	1
"ARCH"	1
"EDUC"	1
"BUDDSTD"	1
"GERMAN"	1
"SCANDIN"	1
"SCANDIN"	1
"SCANDIN"	1
"MUSIC"	1
"COMPSCI"	1
"ANTHRO"	1
"GWS"	1
"JAPAN"	1
"JAPAN"	1
"MEC ENG"	1
"EPS"	1
"EPS"	1
"EWMBA"	1
"THEATER"	1
"DEMOG"	1
"EDUC"	1
"MFE"	1
"ENV DES"	1
"UGIS"	1
"UGIS"	1
"PLANTBI"	1
"GEOG"	1
"PLANTBI"	1
"PSYCH"	1
"HISTORY"	1
"JEWISH"	1
"ANTHRO"	1
"ANTHRO"	1
"NUC ENG"	1
"NUC ENG"	1
"NUC ENG"	1
"EWMBA"	1
"EWMBA"	1
"CY PLAN"	1
"CY PLAN"	1
"EWMBA"	1
"CY PLAN"	1
"INFO"	1
"ECON"	1
"FRENCH"	1
"FRENCH"	1
"FRENCH"	1
"FRENCH"	1
"AFRICAM"	1
"AFRICAM"	1
"POL SCI"	1
"ENVECON"	1
"MBA"	1
"MBA"	1
"MBA"	1
"MBA"	1
"MBA"	1
"MBA"	1
"MBA"	1
"MBA"	1
"MBA"	1
"MBA"	1
"MBA"	1
"PLANTBI"	1
"MBA"	1
"XMBA"	1
"XMBA"	1
"XMBA"	1
"XMBA"	1
"XMBA"	1
"ART"	1
"ECON"	1
"ART"	1
"ART"	1
"ART"	1
"PB HLTH"	1
"AFRICAM"	1
"PB HLTH"	1
"LD ARCH"	1
"PB HLTH"	1
"AFRICAM"	1
"PB HLTH"	1
"MBA"	1
"MBA"	1
"MBA"	1
"MBA"	1
"MBA"	1
"CHEM"	1
"CHEM"	1
"MBA"	1
"ETH STD"	1
"FRENCH"	1
"ARCH"	1
"NE STUD"	1
"NE STUD"	1
"NE STUD"	1
"ECON"	1
"PLANTBI"	1
"ECON"	1
"NUSCTX"	1
"ANTHRO"	1
"ANTHRO"	1
"CHEM"	1
"CIV ENG"	1
"CHEM"	1
"CHEM"	1
"MUSIC"	1
"MUSIC"	1
"HISTART"	1
"HISTART"	1
"HISTART"	1
"GEOG"	1
"PB HLTH"	1
"ESPM"	1
"SOC WEL"	1
"SOC WEL"	1
"SOC WEL"	1
"EWMBA"	1
"SOC WEL"	1
"EWMBA"	1
"EWMBA"	1
"EWMBA"	1
"INTEGBI"	1
"MAT SCI"	1
"MAT SCI"	1
"POL SCI"	1
"CHEM"	1
"CHEM"	1
"LATAMST"	1
"PHYS ED"	1
"CELTIC"	1
"PB HLTH"	1
"PB HLTH"	1
"CELTIC"	1
"OPTOM"	1
"CHEM"	1
"INTEGBI"	1
"INTEGBI"	1
"INTEGBI"	1
"INTEGBI"	1
"INTEGBI"	1
"HISTORY"	1
"INTEGBI"	1
"INTEGBI"	1
"GWS"	1
"JOURN"	1
"SOCIOL"	1
"FILM"	1
"SPANISH"	1
"SPANISH"	1
"SPANISH"	1
"SPANISH"	1
"LD ARCH"	1
"ASAMST"	1
"LNS"	1
"LNS"	1
"LNS"	1
"POL SCI"	1
"POL SCI"	1
"BIO ENG"	1
"BIO ENG"	1
"BIO ENG"	1
"BIO ENG"	1
"BIO ENG"	1
"BIO ENG"	1
"NUSCTX"	1
"BIO ENG"	1
"POL SCI"	1
"NUSCTX"	1
"AMERSTD"	1
"CLASSIC"	1
"CLASSIC"	1
"EL ENG"	1
"POL SCI"	1
"EL ENG"	1
"EL ENG"	1
"PACS"	1
"STAT"	1
"STAT"	1
"STAT"	1
"LATAMST"	1
"SLAVIC"	1
"SLAVIC"	1
"FRENCH"	1
"HISTORY"	1
"SLAVIC"	1
"SLAVIC"	1
"XMBA"	1
"CIV ENG"	1
"CIV ENG"	1
"CIV ENG"	1
"CIV ENG"	1
"CHEM"	1
"CIV ENG"	1
"CIV ENG"	1
"PB HLTH"	1
"PB HLTH"	1
"PB HLTH"	1
"A,RESEC"	1
"PHYSICS"	1
"AFRICAM"	1
"COMPSCI"	1
"ESPM"	1
"PHYSICS"	1
"NE STUD"	1
"NE STUD"	1
"EL ENG"	1
"EL ENG"	1
"NAT RES"	1
"RELIGST"	1
"POLECON"	1
"GERMAN"	1
"GERMAN"	1
"SCANDIN"	1
"CHINESE"	1
"MUSIC"	1
"BIO ENG"	1
"MUSIC"	1
"RHETOR"	1
"RHETOR"	1
"RHETOR"	1
"BUDDSTD"	1
"RHETOR"	1
"RHETOR"	1
"NE STUD"	1
"RHETOR"	1
"RHETOR"	1
"GEOG"	1
"ANTHRO"	1
"EDUC"	1
"CIV ENG"	1
"NE STUD"	1
"MCELLBI"	1
"HISTORY"	1
"ENV DES"	1
"PUB POL"	1
"POL SCI"	1
"GPP"	1
"GMS"	1
"LINGUIS"	1
"NUC ENG"	1
"BIO ENG"	1
"BIO ENG"	1
"PB HLTH"	1
"BIO ENG"	1
"PB HLTH"	1
"PB HLTH"	1
"BIO ENG"	1
"PB HLTH"	1
"JOURN"	1
"EWMBA"	1
"MIL AFF"	1
"CY PLAN"	1
"ENGIN"	1
"FRENCH"	1
"ENGIN"	1
"ENGIN"	1
"GERMAN"	1
"CY PLAN"	1
"GERMAN"	1
"GERMAN"	1
"STAT"	1
"ANTHRO"	1
"ASAMST"	1
"ASAMST"	1
"ASAMST"	1
"ASAMST"	1
"SLAVIC"	1
"SLAVIC"	1
"MBA"	1
"FRENCH"	1
"HISTORY"	1
"ECON"	1
"MEC ENG"	1
"MEC ENG"	1
"ITALIAN"	1
"PB HLTH"	1
"PB HLTH"	1
"PB HLTH"	1
"MCELLBI"	1
"CHEM"	1
"MCELLBI"	1
"ARCH"	1
"ARCH"	1
"ARCH"	1
"ARCH"	1
"MBA"	1
"MBA"	1
"CHEM"	1
"CHEM"	1
"MBA"	1
"MBA"	1
"ASAMST"	1
"ASAMST"	1
"ASIANST"	1
"HISTART"	1
"POLECON"	1
"POLECON"	1
"PHYS ED"	1
"HISTORY"	1
"MATH"	1
"MCELLBI"	1
"MCELLBI"	1
"ARCH"	1
"MATH"	1
"MATH"	1
"MATH"	1
"LEGALST"	1
"LEGALST"	1
"EL ENG"	1
"EL ENG"	1
"NSE"	1
"MCELLBI"	1
"PSYCH"	1
"HISTORY"	1
"PUB POL"	1
"PB HLTH"	1
"JOURN"	1
"PHYS ED"	1
"PHYS ED"	1
"PSYCH"	1
"OPTOM"	1
"OPTOM"	1
"OPTOM"	1
"NAV SCI"	1
"SPANISH"	1
"CHICANO"	1
"CHICANO"	1
"CHICANO"	1
"LNS"	1
"GWS"	1
"GWS"	1
"GWS"	1
"GWS"	1
"GWS"	1
"BIO ENG"	1
"PHYS ED"	1
"EDUC"	1
"ESPM"	1
"JOURN"	1
"JOURN"	1
"JOURN"	1
"JOURN"	1
"JOURN"	1
"CIV ENG"	1
"SCMATHE"	1
"POLECON"	1
"ART"	1
"AMERSTD"	1
"LD ARCH"	1
"COMPSCI"	1
"PHILOS"	1
"PHILOS"	1
"PHYSICS"	1
"PHYSICS"	1
"BANGLA"	1
"BANGLA"	1
"SCANDIN"	1
"SLAVIC"	1
"FRENCH"	1
"FRENCH"	1
"SLAVIC"	1
"CIV ENG"	1
"CIV ENG"	1
"CIV ENG"	1
"PB HLTH"	1
"PB HLTH"	1
"ASTRON"	1
"ANTHRO"	1
"MBA"	1
"GERMAN"	1
"GERMAN"	1
"PUB POL"	1
"PUB POL"	1
"POL SCI"	1
"IND ENG"	1
"POL SCI"	1
"MUSIC"	1
"MUSIC"	1
"EL ENG"	1
"PLANTBI"	1
"LINGUIS"	1
"LINGUIS"	1
"HISTORY"	1
"S ASIAN"	1
"ART"	1
"POL SCI"	1
"POL SCI"	1
"POL SCI"	1
"MUSIC"	1
"PB HLTH"	1
"PB HLTH"	1
"PB HLTH"	1
"PB HLTH"	1
"RHETOR"	1
"RHETOR"	1
"RHETOR"	1
"RHETOR"	1
"GEOG"	1
"GEOG"	1
"PHDBA"	1
"NEUROSC"	1
"PHDBA"	1
"EL ENG"	1
"EL ENG"	1
"PHDBA"	1
"BIOLOGY"	1
"CELTIC"	1
"COLWRIT"	1
"MIL SCI"	1
"MIL SCI"	1
"SPANISH"	1
"SPANISH"	1
"SPANISH"	1
"PB HLTH"	1
"AHMA"	1
"MCELLBI"	1
"MEDIAST"	1
"ENGIN"	1
"EDUC"	1
"COMPSCI"	1
"AFRICAM"	1
"AFRICAM"	1
"EPS"	1
"VIS STD"	1
"IAS"	1
"MBA"	1
"ECON"	1
"ECON"	1
"ITALIAN"	1
"MBA"	1
"PB HLTH"	1
"PB HLTH"	1
"PB HLTH"	1
"PB HLTH"	1
"THEATER"	1
"THEATER"	1
"PLANTBI"	1
"PLANTBI"	1
"PLANTBI"	1
"PLANTBI"	1
"PLANTBI"	1
"PLANTBI"	1
"ITALIAN"	1
"ECON"	1
"PB HLTH"	1
"CHEM"	1
"ECON"	1
"ECON"	1
"ECON"	1
"ARCH"	1
"ARCH"	1
"ARCH"	1
"ARCH"	1
"ARCH"	1
"OPTOM"	1
"A,RESEC"	1
"A,RESEC"	1
"POL SCI"	1
"CHICANO"	1
"INTEGBI"	1
"NWMEDIA"	1
"NWMEDIA"	1
"MATH"	1
"MATH"	1
"MUSIC"	1
"MUSIC"	1
"MUSIC"	1
"MUSIC"	1
"MUSIC"	1
"MUSIC"	1
"MUSIC"	1
"MBA"	1
"MBA"	1
"IND ENG"	1
"IND ENG"	1
"MCELLBI"	1
"MCELLBI"	1
"LEGALST"	1
"LEGALST"	1
"MCELLBI"	1
"LEGALST"	1
"CHM ENG"	1
"CHM ENG"	1
"MCELLBI"	1
"CHM ENG"	1
"MCELLBI"	1
"MCELLBI"	1
"MCELLBI"	1
"MCELLBI"	1
"MCELLBI"	1
"MCELLBI"	1
"MCELLBI"	1
"ESPM"	1
"ESPM"	1
"ESPM"	1
"ESPM"	1
"ESPM"	1
"MEC ENG"	1
"MUSIC"	1
"PSYCH"	1
"SOC WEL"	1
"SOC WEL"	1
"SOC WEL"	1
"ETH STD"	1
"CHEM"	1
"MBA"	1
"DUTCH"	1
"MBA"	1
"CHICANO"	1
"CHICANO"	1
"CHICANO"	1
"JEWISH"	1
"COM LIT"	1
"DEMOG"	1
"THAI"	1
"JOURN"	1
"FILM"	1
"FILM"	1
"FILM"	1
"POL SCI"	1
"POL SCI"	1
"PSYCH"	1
"AFRICAM"	1
"AFRICAM"	1
"THEATER"	1
"HISTORY"	1
"HISTORY"	1
"PB HLTH"	1
"MBA"	1
"DUTCH"	1
"TIBETAN"	1
"EL ENG"	1
"TIBETAN"	1
"STAT"	1
"CHINESE"	1
"CHINESE"	1
"BUDDSTD"	1
"SLAVIC"	1
"SLAVIC"	1
"CIV ENG"	1
"OPTOM"	1
"ASTRON"	1
"MATH"	1
"S,SEASN"	1
"S,SEASN"	1
"A,RESEC"	1
"GERMAN"	1
"CY PLAN"	1
"CY PLAN"	1
"CY PLAN"	1
"CY PLAN"	1
"CY PLAN"	1
"PHYS ED"	1
"PHYS ED"	1
"POL SCI"	1
"EURA ST"	1
"EURA ST"	1
"MUSIC"	1
"MUSIC"	1
"PACS"	1
"MUSIC"	1
"MUSIC"	1
"PACS"	1
"PUB POL"	1
"PUB POL"	1
"EAEURST"	1
"SLAVIC"	1
"EWMBA"	1
"ENE,RES"	1
"ECON"	1
"ENE,RES"	1
"PSYCH"	1
"PB HLTH"	1
"RHETOR"	1
"RHETOR"	1
"RHETOR"	1
"RHETOR"	1
"RHETOR"	1
"MCELLBI"	1
"OPTOM"	1
"OPTOM"	1
"OPTOM"	1
"OPTOM"	1
"ARCH"	1
"MCELLBI"	1
"MCELLBI"	1
"CIV ENG"	1
"CIV ENG"	1
"CHEM"	1
"ITALIAN"	1
"ITALIAN"	1
"ITALIAN"	1
"SOC WEL"	1
"OPTOM"	1
"OPTOM"	1
"EL ENG"	1
"EL ENG"	1
"POL SCI"	1
"COM LIT"	1
"MIL SCI"	1
"MIL SCI"	1
"MIL SCI"	1
"INTEGBI"	1
"SOCIOL"	1
"PB HLTH"	1
"ECON"	1
"SOCIOL"	1
"SOCIOL"	1
"AFRICAM"	1
"PSYCH"	1
"PSYCH"	1
"CHICANO"	1
"PSYCH"	1
"RHETOR"	1
"GEOG"	1
"GEOG"	1
"ITALIAN"	1
"GEOG"	1
"STS"	1
"SPANISH"	1
"GERMAN"	1
"GERMAN"	1
"ASAMST"	1
"AFRICAM"	1
"GERMAN"	1
"CHICANO"	1
"CHICANO"	1
"CHICANO"	1
"PB HLTH"	1
"PB HLTH"	1
"PB HLTH"	1
"POL SCI"	1
"POL SCI"	1
"POL SCI"	1
"EPS"	1
"EDUC"	1
"INTEGBI"	1
"INTEGBI"	1
"PB HLTH"	1
"PB HLTH"	1
"CELTIC"	1
"ECON"	1
"ECON"	1
"AMERSTD"	1
"GMS"	1
"GMS"	1
"ECON"	1
"STAT"	1
"STAT"	1
"POLECON"	1
"CHM ENG"	1
"INTEGBI"	1
"NEUROSC"	1
"MCELLBI"	1
"ANTHRO"	1
"MATH"	1
"MATH"	1
"MATH"	1
"MATH"	1
"MATH"	1
"ANTHRO"	1
"ETH GRP"	1
"ETH GRP"	1
"S,SEASN"	1
"FRENCH"	1
"FRENCH"	1
"PSYCH"	1
"PSYCH"	1
"ECON"	1
"PSYCH"	1
"ENGIN"	1
"ARCH"	1
"ARCH"	1
"ARCH"	1
"ARCH"	1
"ARCH"	1
"CELTIC"	1
"UGBA"	1
"ANTHRO"	1
"SOC WEL"	1
"INTEGBI"	1
"HISTART"	1
"JAPAN"	1
"TIBETAN"	1
"TIBETAN"	1
"JAPAN"	1
"HISTORY"	1
"INFO"	1
"CHICANO"	1
"DEV STD"	1
"NUC ENG"	1
"MATH"	1
"MATH"	1
"MATH"	1
"HISTORY"	1
"HISTORY"	1
"DEMOG"	1
"PB HLTH"	1
"PB HLTH"	1
"PB HLTH"	1
"CIV ENG"	1
"M E STU"	1
"FILM"	1
"FILM"	1
"TIBETAN"	1
"POL SCI"	1
"PHYSICS"	1
"VIETNMS"	1
"VIETNMS"	1
"SOCIOL"	1
"SOCIOL"	1
"CHEM"	1
"EL ENG"	1
"EL ENG"	1
"SOCIOL"	1
"LINGUIS"	1
"CY PLAN"	1
"CY PLAN"	1
"STAT"	1
"HISTORY"	1
"STAT"	1
"INFO"	1
"S ASIAN"	1
"COLWRIT"	1
"AFRICAM"	1
"PHYSICS"	1
"BUDDSTD"	1
"XMBA"	1
"XMBA"	1
"INFO"	1
"INFO"	1
"DEV STD"	1
"DEV STD"	1
"DEV STD"	1
"DEV STD"	1
"CIV ENG"	1
"CIV ENG"	1
"CIV ENG"	1
"PB HLTH"	1
"AFRICAM"	1
"ENGIN"	1
"PUNJABI"	1
"PUNJABI"	1
"A,RESEC"	1
"POL SCI"	1
"AMERSTD"	1
"POL SCI"	1
"ENGIN"	1
"CHEM"	1
"LATAMST"	1
"MEC ENG"	1
"LATAMST"	1
"BANGLA"	1
"BANGLA"	1
"NUC ENG"	1
"MBA"	1
"SLAVIC"	1
"SLAVIC"	1
"ENGIN"	1
"SLAVIC"	1
"SLAVIC"	1
"POL SCI"	1
"POL SCI"	1
"POL SCI"	1
"GREEK"	1
"GREEK"	1
"LD ARCH"	1
"EL ENG"	1
"NAT RES"	1
"COMPSCI"	1
"PUB POL"	1
"CELTIC"	1
"CELTIC"	1
"HISTORY"	1
"MCELLBI"	1
"MIL AFF"	1
"HISTORY"	1
"PHYSICS"	1
"PHYSICS"	1
"SOC WEL"	1
"SOC WEL"	1
"SOC WEL"	1
"SOC WEL"	1
"SOC WEL"	1
"NUSCTX"	1
"EDUC"	1
"UGIS"	1
"THEATER"	1
"ASIANST"	1
"ASIANST"	1
"EL ENG"	1
"COM LIT"	1
"EA LANG"	1
"MIL SCI"	1
"MIL SCI"	1
"EA LANG"	1
"ITALIAN"	1
"NEUROSC"	1
"ITALIAN"	1
"INTEGBI"	1
"INTEGBI"	1
"NUC ENG"	1
"NUC ENG"	1
"PSYCH"	1
"PSYCH"	1
"PSYCH"	1
"NUC ENG"	1
"CIV ENG"	1
"RHETOR"	1
"LD ARCH"	1
"AMERSTD"	1
"PHYSICS"	1
"AFRICAM"	1
"EPS"	1
"SLAVIC"	1
"SLAVIC"	1
"HIN-URD"	1
"EDUC"	1
"HIN-URD"	1
"EDUC"	1
"MCELLBI"	1
"FRENCH"	1
"FRENCH"	1
"PLANTBI"	1
"ETH STD"	1
"PLANTBI"	1
"ECON"	1
"ECON"	1
"NWMEDIA"	1
"UGBA"	1
"UGBA"	1
"UGBA"	1
"UGBA"	1
"UGBA"	1
"ECON"	1
"POLECON"	1
"EA LANG"	1
"CHM ENG"	1
"TAMIL"	1
"TAMIL"	1
"ARCH"	1
"MATH"	1
"MATH"	1
"ETH STD"	1
"ARCH"	1
"KOREAN"	1
"ARCH"	1
"ARCH"	1
"ARCH"	1
"PHILOS"	1
"ENGIN"	1
"MUSIC"	1
"MUSIC"	1
"MUSIC"	1
"PUB POL"	1
"MAT SCI"	1
"MAT SCI"	1
"ANTHRO"	1
"ANTHRO"	1
"PUB POL"	1
"PUB POL"	1
"SOC WEL"	1
"BUDDSTD"	1
"SOC WEL"	1
"SOC WEL"	1
"EWMBA"	1
"EWMBA"	1
"SOC WEL"	1
"EWMBA"	1
"EWMBA"	1
"EWMBA"	1
"EWMBA"	1
"SOC WEL"	1
"SOC WEL"	1
"SOC WEL"	1
"PUB POL"	1
"PUB POL"	1
"SOC WEL"	1
"SOC WEL"	1
"M E STU"	1
"M E STU"	1
"MUSIC"	1
"HISTORY"	1
"ARCH"	1
"GWS"	1
"CHEM"	1
"CHICANO"	1
"CHICANO"	1
"DEVP"	1
"ETH STD"	1
"ETH STD"	1
"MUSIC"	1
"DEVP"	1
"THEATER"	1
"ETH STD"	1
"HISTORY"	1
"LEGALST"	1
"DEMOG"	1
"GEOG"	1
"EWMBA"	1
"MEC ENG"	1
"EWMBA"	1
"INTEGBI"	1
"INTEGBI"	1
"M E STU"	1
"LNS"	1
"IND ENG"	1
"CHICANO"	1
"MEC ENG"	1
"INTEGBI"	1
"INTEGBI"	1
"INTEGBI"	1
"INTEGBI"	1
"INTEGBI"	1
"INTEGBI"	1
"INTEGBI"	1
"INTEGBI"	1
"INFO"	1
"INFO"	1
"ANTHRO"	1
"ANTHRO"	1
"MEDIAST"	1
"HISTORY"	1
"HISTORY"	1
"AFRICAM"	1
"AFRICAM"	1
"AFRICAM"	1
"SLAVIC"	1
"SLAVIC"	1
"ENV SCI"	1
"ECON"	1
"POL SCI"	1
"ECON"	1
"AMERSTD"	1
"HISTART"	1
"A,RESEC"	1
"A,RESEC"	1
"A,RESEC"	1
"A,RESEC"	1
"A,RESEC"	1
"ENGIN"	1
"STAT"	1
"MCELLBI"	1
"CHEM"	1
"LD ARCH"	1
"ART"	1
"ART"	1
"ART"	1
"ART"	1
"ANTHRO"	1
"ESPM"	1
"EDUC"	1
"GERMAN"	1
"MEC ENG"	1
"MEC ENG"	1
"MEC ENG"	1
"GERMAN"	1
"GERMAN"	1
"MEC ENG"	1
"GERMAN"	1
"GERMAN"	1
"INTEGBI"	1
"VIS SCI"	1
"OPTOM"	1
"OPTOM"	1
"JAPAN"	1
"IND ENG"	1
"GERMAN"	1
"CHEM"	1
"CHEM"	1
"CHEM"	1
"CHEM"	1
"SOCIOL"	1
"INTEGBI"	1
"ESPM"	1
"ESPM"	1
"ESPM"	1
"THAI"	1
"LD ARCH"	1
"LD ARCH"	1
"EL ENG"	1
"MATH"	1
"MATH"	1
"INTEGBI"	1
"COM LIT"	1
"COM LIT"	1
"CIV ENG"	1
"ANTHRO"	1
"ENE,RES"	1
"ENE,RES"	1
"MATH"	1
"MATH"	1
"COG SCI"	1
"SOCIOL"	1
"MCELLBI"	1
"MAT SCI"	1
"MAT SCI"	1
"SOC WEL"	1
"SOC WEL"	1
"SOC WEL"	1
"SOC WEL"	1
"EDUC"	1
"SCANDIN"	1
"COLWRIT"	1
"PB HLTH"	1
"CHM ENG"	1
"INTEGBI"	1
"HISTORY"	1
"AFRICAM"	1
"PSYCH"	1
"POL SCI"	1
"PSYCH"	1
"GEOG"	1
"GEOG"	1
"EPS"	1
"GEOG"	1
"EL ENG"	1
"EL ENG"	1
"EL ENG"	1
"HISTART"	1
"HISTART"	1
"EL ENG"	1
"PHYSICS"	1
"STAT"	1
"EPS"	1
"STAT"	1
"PB HLTH"	1
"INTEGBI"	1
"INTEGBI"	1
"INTEGBI"	1
"CELTIC"	1
"ECON"	1
"ECON"	1
"ECON"	1
"HISTORY"	1
"ECON"	1
"STAT"	1
"IND ENG"	1
"STAT"	1
"UGBA"	1
"UGBA"	1
"UGBA"	1
"UGBA"	1
"UGBA"	1
"UGBA"	1
"SLAVIC"	1
"SLAVIC"	1
"S ASIAN"	1
"CHM ENG"	1
"ECON"	1
"MCELLBI"	1
"MCELLBI"	1
"ASTRON"	1
"MCELLBI"	1
"ASTRON"	1
"ANTHRO"	1
"MBA"	1
"MBA"	1
"MBA"	1
"MBA"	1
"MBA"	1
"MBA"	1
"PHYSICS"	1
"ETH STD"	1
"INTEGBI"	1
"CHICANO"	1
"ANTHRO"	1
"ANTHRO"	1
"ANTHRO"	1
"PB HLTH"	1
"BUDDSTD"	1
"ANTHRO"	1
"ANTHRO"	1
"CY PLAN"	1
"ANTHRO"	1
"ITALIAN"	1
"ITALIAN"	1
"MEC ENG"	1
"KHMER"	1
"KHMER"	1
"GERMAN"	1
"GERMAN"	1
"RELIGST"	1
"AMERSTD"	1
"AMERSTD"	1
"AMERSTD"	1
"AMERSTD"	1
"DUTCH"	1
"BIO ENG"	1
"BIO ENG"	1
"PHYS ED"	1
"PHYS ED"	1
"LNS"	1
"SPANISH"	1
"INTEGBI"	1
"INTEGBI"	1
"INTEGBI"	1
"SPANISH"	1
"INTEGBI"	1
"SCMATHE"	1
"THEATER"	1
"SCMATHE"	1
"SCMATHE"	1
"SCMATHE"	1
"ESPM"	1
"JEWISH"	1
"BIO ENG"	1
"MATH"	1
"ENGIN"	1
"MATH"	1
"BIO ENG"	1
"INFO"	1
"COLWRIT"	1
"INFO"	1
"KOREAN"	1
"LNS"	1
"LNS"	1
"LD ARCH"	1
"LD ARCH"	1
"HISTORY"	1
"HISTORY"	1
"HISTORY"	1
"VIS SCI"	1
"LINGUIS"	1
"PB HLTH"	1
"ART"	1
"LINGUIS"	1
"LINGUIS"	1
"GWS"	1
"GERMAN"	1
"GERMAN"	1
"MEC ENG"	1
"MEC ENG"	1
"MEC ENG"	1
"THEATER"	1
"SLAVIC"	1
"SLAVIC"	1
"IND ENG"	1
"CHEM"	1
"PHYSICS"	1
"PHYSICS"	1
"SLAVIC"	1
"SLAVIC"	1
"EWMBA"	1
"POL SCI"	1
"KOREAN"	1
"KOREAN"	1
"ETH STD"	1
"PUB POL"	1
"GEOG"	1
"MCELLBI"	1
"ESPM"	1
"ESPM"	1
"ESPM"	1
"MATH"	1
"ANTHRO"	1
"MATH"	1
"MATH"	1
"DUTCH"	1
"DUTCH"	1
"ASIANST"	1
"ASIANST"	1
"SCANDIN"	1
"S,SEASN"	1
"POL SCI"	1
"ENV DES"	1
"ENV DES"	1
"HMEDSCI"	1
"RHETOR"	1
"RHETOR"	1
"PLANTBI"	1
"S ASIAN"	1
"LEGALST"	1
"S ASIAN"	1
"LEGALST"	1
"ECON"	1
"ECON"	1
"SPANISH"	1
"ANTHRO"	1
"SOC WEL"	1
"LINGUIS"	1
"ITALIAN"	1
"ITALIAN"	1
"SOC WEL"	1
"SOC WEL"	1
"MBA"	1
"EL ENG"	1
"ITALIAN"	1
"EL ENG"	1
"PACS"	1
"MBA"	1
"MBA"	1
"MBA"	1
"BIO ENG"	1
"BIO ENG"	1
"BIO ENG"	1
"LEGALST"	1
"BIO ENG"	1
"YIDDISH"	1
"YIDDISH"	1
"YIDDISH"	1
"LD ARCH"	1
"GEOG"	1
"ANTHRO"	1
"PHYSICS"	1
"PHYSICS"	1
"PHYSICS"	1
"PHYSICS"	1
"AFRICAM"	1
"AFRICAM"	1
"OPTOM"	1
"FILM"	1
"S ASIAN"	1
"FILM"	1
"SLAVIC"	1
"PB HLTH"	1
"SLAVIC"	1
"PB HLTH"	1
"PB HLTH"	1
"PB HLTH"	1
"PB HLTH"	1
"PB HLTH"	1
"HISTORY"	1
"PLANTBI"	1
"ETH STD"	1
"SOC WEL"	1
"SLAVIC"	1
"PHILOS"	1
"PHILOS"	1
"PHILOS"	1
"EPS"	1
"UGBA"	1
"UGBA"	1
"UGBA"	1
"UGBA"	1
"FRENCH"	1
"FRENCH"	1
"MCELLBI"	1
"ASIANST"	1
"BIO ENG"	1
"KOREAN"	1
"MCELLBI"	1
"POLECON"	1
"MCELLBI"	1
"MEDIAST"	1
"PSYCH"	1
"MCELLBI"	1
"MEDIAST"	1
"POLECON"	1
"POLECON"	1
"PHYSICS"	1
"ANTHRO"	1
"ESPM"	1
"ESPM"	1
"PHYSICS"	1
"AMERSTD"	1
"MFE"	1
"ETH STD"	1
"A,RESEC"	1
"HMEDSCI"	1
"HMEDSCI"	1
"HMEDSCI"	1
"HMEDSCI"	1
"HMEDSCI"	1
"ANTHRO"	1
"ANTHRO"	1
"ESPM"	1
"ESPM"	1
"CY PLAN"	1
"ANTHRO"	1
"CY PLAN"	1
"ESPM"	1
"ESPM"	1
"CY PLAN"	1
"CY PLAN"	1
"BUDDSTD"	1
"GEOG"	1
"LEGALST"	1
"LEGALST"	1
"FILM"	1
"SOC WEL"	1
"COLWRIT"	1
"NATAMST"	1
"NATAMST"	1
"ENE,RES"	1
"ENE,RES"	1
"SOCIOL"	1
"SOCIOL"	1
"SOCIOL"	1
"SOCIOL"	1
"EWMBA"	1
"MUSIC"	1
"MUSIC"	1
"MUSIC"	1
"NEUROSC"	1
"NEUROSC"	1
"NEUROSC"	1
"ITALIAN"	1
"ITALIAN"	1
"INFO"	1
"INFO"	1
"INFO"	1
"CHICANO"	1
"CHICANO"	1
"CHICANO"	1
"SOC WEL"	1
"PHYSICS"	1
"SOC WEL"	1
"PHYS ED"	1
"PHYS ED"	1
"PHYS ED"	1
"NUC ENG"	1
"PHYS ED"	1
"PHYS ED"	1
"NWMEDIA"	1
"INFO"	1
"INFO"	1
"INFO"	1
"NWMEDIA"	1
"MATH"	1
"THEATER"	1
"ITALIAN"	1
"ITALIAN"	1
"ITALIAN"	1
"ITALIAN"	1
"COLWRIT"	1
"CHICANO"	1
"ECON"	1
"PLANTBI"	1
"UGBA"	1
"ETH STD"	1
"MEC ENG"	1
"MEC ENG"	1
"MEC ENG"	1
"MEC ENG"	1
"MEC ENG"	1
"CELTIC"	1
"CELTIC"	1
"MEC ENG"	1
"MEC ENG"	1
"ART"	1
"ART"	1
"ART"	1
"ART"	1
"LINGUIS"	1
"AFRICAM"	1
"ECON"	1
"ECON"	1
"MEC ENG"	1
"MEC ENG"	1
"MEC ENG"	1
"MEC ENG"	1
"MEC ENG"	1
"MEC ENG"	1
"MBA"	1
"MCELLBI"	1
"ENVECON"	1
"ENVECON"	1
"ENVECON"	1
"COM LIT"	1
"OPTOM"	1
"ESPM"	1
"ASTRON"	1
"PACS"	1
"CHEM"	1
"CHEM"	1
"CHEM"	1
"XMBA"	1
"CHEM"	1
"POL SCI"	1
"COMPSCI"	1
"POL SCI"	1
"PHYSICS"	1
"BIO ENG"	1
"ESPM"	1
"KOREAN"	1
"EWMBA"	1
"ENE,RES"	1
"DEVP"	1
"PB HLTH"	1
"PB HLTH"	1
"MUSIC"	1
"MATH"	1
"MATH"	1
"MATH"	1
"SCANDIN"	1
"SCANDIN"	1
"ETH GRP"	1
"POL SCI"	1
"ETH GRP"	1
"GEOG"	1
"IAS"	1
"EDUC"	1
"EDUC"	1
"EDUC"	1
"THEATER"	1
"THEATER"	1
"THEATER"	1
"INFO"	1
"MIL AFF"	1
"POL SCI"	1
"POL SCI"	1
"OPTOM"	1
"OPTOM"	1
"ENGIN"	1
"ENGIN"	1
"MCELLBI"	1
"CY PLAN"	1
"SOC WEL"	1
"SOC WEL"	1
"SOC WEL"	1
"SOC WEL"	1
"GEOG"	1
"BIO ENG"	1
"POL SCI"	1
"CHINESE"	1
"CHINESE"	1
"PB HLTH"	1
"PB HLTH"	1
"PB HLTH"	1
"PB HLTH"	1
"PB HLTH"	1
"PB HLTH"	1
"COMPSCI"	1
"COMPSCI"	1
"HISTORY"	1
"HISTORY"	1
"HISTORY"	1
"HISTORY"	1
"CIV ENG"	1
"PB HLTH"	1
"PB HLTH"	1
"EL ENG"	1
"PB HLTH"	1
"INTEGBI"	1
"INTEGBI"	1
"INTEGBI"	1
"PHDBA"	1
"PHDBA"	1
"PHDBA"	1
"STAT"	1
"STAT"	1
"STAT"	1
"STAT"	1
"STAT"	1
"PHDBA"	1
"EL ENG"	1
"FILM"	1
"FILM"	1
"MBA"	1
"EL ENG"	1
"ECON"	1
"SLAVIC"	1
"ECON"	1
"PLANTBI"	1
"AFRICAM"	1
"ECON"	1
"ECON"	1
"INTEGBI"	1
"SLAVIC"	1
"SLAVIC"	1
"UGBA"	1
"UGBA"	1
"UGBA"	1
"HISTORY"	1
"AFRICAM"	1
"AFRICAM"	1
"PHYSICS"	1
"EPS"	1
"PHYSICS"	1
"AFRICAM"	1
"SLAVIC"	1
"AFRICAM"	1
"CIV ENG"	1
"CIV ENG"	1
"THEATER"	1
"THEATER"	1
"LINGUIS"	1
"VIETNMS"	1
"VIETNMS"	1
"PHYSICS"	1
"MCELLBI"	1
"ASTRON"	1
"ASTRON"	1
"MCELLBI"	1
"ASTRON"	1
"COMPSCI"	1
"MCELLBI"	1
"COMPSCI"	1
"ART"	1
"ART"	1
"PUB POL"	1
"CIV ENG"	1
"ANTHRO"	1
"ANTHRO"	1
"ESPM"	1
"ESPM"	1
"CY PLAN"	1
"CY PLAN"	1
"BUDDSTD"	1
"CY PLAN"	1
"PHILOS"	1
"SCANDIN"	1
"ARCH"	1
"ARCH"	1
"MEC ENG"	1
"EDUC"	1
"ECON"	1
"ECON"	1
"MEDIAST"	1
"NATAMST"	1
"NATAMST"	1
"NATAMST"	1
"ENE,RES"	1
"SOCIOL"	1
"SCANDIN"	1
"SOCIOL"	1
"SOCIOL"	1
"SCANDIN"	1
"EDUC"	1
"SCANDIN"	1
"ITALIAN"	1
"PHDBA"	1
"PHDBA"	1
"PHDBA"	1
"PHDBA"	1
"LNS"	1
"LNS"	1
"LNS"	1
"LNS"	1
"BIO ENG"	1
"PHDBA"	1
"MATH"	1
"MATH"	1
"INFO"	1
"ASTRON"	1
"INFO"	1
"INFO"	1
"IND ENG"	1
"LNS"	1
"INFO"	1
"INFO"	1
"ESPM"	1
"BUDDSTD"	1
"GWS"	1
"GWS"	1
"GWS"	1
"GWS"	1
"INFO"	1
"EL ENG"	1
"EL ENG"	1
"EL ENG"	1
"EL ENG"	1
"EL ENG"	1
"EL ENG"	1
"SOCIOL"	1
"THEATER"	1
"MCELLBI"	1
"PB HLTH"	1
"PB HLTH"	1
"PB HLTH"	1
"LD ARCH"	1
"LD ARCH"	1
"LD ARCH"	1
"VIS SCI"	1
"HIN-URD"	1
"SPANISH"	1
"POL SCI"	1
"ESPM"	1
"INTEGBI"	1
"PLANTBI"	1
"HISTART"	1
"CLASSIC"	1
"CLASSIC"	1
"CY PLAN"	1
"CLASSIC"	1
"ART"	1
"ART"	1
"XMBA"	1
"XMBA"	1
"PHYSICS"	1
"RELIGST"	1
"RELIGST"	1
"ASTRON"	1
"MCELLBI"	1
"CHEM"	1
"ESPM"	1
"NE STUD"	1
"NE STUD"	1
"NE STUD"	1
"CHEM"	1
"XMBA"	1
"CHEM"	1
"CHEM"	1
"JAPAN"	1
"JAPAN"	1
"HISTART"	1
"MATH"	1
"MATH"	1
"PHYSICS"	1
"PHYSICS"	1
"CHM ENG"	1
"MEC ENG"	1
"CHM ENG"	1
"IND ENG"	1
"S,SEASN"	1
"IND ENG"	1
"IND ENG"	1
"IND ENG"	1
"S,SEASN"	1
"MATH"	1
"MATH"	1
"JEWISH"	1
"JEWISH"	1
"MATH"	1
"ASIANST"	1
"ESPM"	1
"THEATER"	1
"THEATER"	1
"THEATER"	1
"THEATER"	1
"THEATER"	1
"THEATER"	1
"CHINESE"	1
"CELTIC"	1
"CELTIC"	1
"LINGUIS"	1
"CIV ENG"	1
"ILA"	1
"ESPM"	1
"LGBT"	1
"STAT"	1
"STAT"	1
"CHM ENG"	1
"EA LANG"	1
"TELUGU"	1
"TELUGU"	1
"SEASIAN"	1
"OPTOM"	1
"SCANDIN"	1
"CLASSIC"	1
"CLASSIC"	1
"COM LIT"	1
"COM LIT"	1
"BIO ENG"	1
"ECON"	1
"ECON"	1
"DEMOG"	1
"HISTART"	1
"HISTART"	1
"EDUC"	1
"PB HLTH"	1
"PB HLTH"	1
"PB HLTH"	1
"CY PLAN"	1
"COMPSCI"	1
"COMPSCI"	1
"PHYSICS"	1
"PB HLTH"	1
"BIO ENG"	1
"BIO ENG"	1
"BIO ENG"	1
"BIO ENG"	1
"INTEGBI"	1
"INTEGBI"	1
"INTEGBI"	1
"INTEGBI"	1
"INTEGBI"	1
"STAT"	1
"FILM"	1
"SLAVIC"	1
"SLAVIC"	1
"ASAMST"	1
"PHILOS"	1
"PHILOS"	1
"PHILOS"	1
"HISTORY"	1
"HISTORY"	1
"AFRICAM"	1
"PHILOS"	1
"PHILOS"	1
"CHEM"	1
"PSYCH"	1
"LEGALST"	1
"LEGALST"	1
"CHEM"	1
"CHEM"	1
"GWS"	1
"FRENCH"	1
"UGBA"	1
"LD ARCH"	1
"ARCH"	1
"ARCH"	1
"ARCH"	1
"GWS"	1
"ANTHRO"	1
"COMPSCI"	1
"COMPSCI"	1
"COMPSCI"	1
"COMPSCI"	1
"PUB POL"	1
"PUB POL"	1
"CY PLAN"	1
"CY PLAN"	1
"ESPM"	1
"ESPM"	1
"ESPM"	1
"ESPM"	1
"INTEGBI"	1
"UGIS"	1
"ECON"	1
"SLAVIC"	1
"MUSIC"	1
"SLAVIC"	1
"SEASIAN"	1
"SCANDIN"	1
"GERMAN"	1
"SLAVIC"	1
"S,SEASN"	1
"GERMAN"	1
"NAV SCI"	1
"SCANDIN"	1
"INTEGBI"	1
"AMERSTD"	1
"MEDIAST"	1
"COLWRIT"	1
"NATAMST"	1
"SOCIOL"	1
"SOCIOL"	1
"SOCIOL"	1
"EDUC"	1
"SOCIOL"	1
"EDUC"	1
"EDUC"	1
"SCANDIN"	1
"SCANDIN"	1
"PB HLTH"	1
"PB HLTH"	1
"OPTOM"	1
"SLAVIC"	1
"SLAVIC"	1
"OPTOM"	1
"AFRICAM"	1
"AFRICAM"	1
"MCELLBI"	1
"MCELLBI"	1
"ASTRON"	1
"INFO"	1
"ASTRON"	1
"ECON"	1
"ECON"	1
"PHILOS"	1
"DUTCH"	1
"GEOG"	1
"GEOG"	1
"INFO"	1
"MEDIAST"	1
"MEDIAST"	1
"MATH"	1
"COM LIT"	1
"MCELLBI"	1
"MCELLBI"	1
"IAS"	1
"IAS"	1
"LINGUIS"	1
"IAS"	1
"IAS"	1
"IAS"	1
"EDUC"	1
"COMPSCI"	1
"EDUC"	1
"MEC ENG"	1
"STAT"	1
"MEC ENG"	1
"MEC ENG"	1
"PHYSICS"	1
"PHYSICS"	1
"VIS SCI"	1
"VIS SCI"	1
"LD ARCH"	1
"ENV DES"	1
"ENV DES"	1
"RHETOR"	1
"EURA ST"	1
"EURA ST"	1
"LD ARCH"	1
"LD ARCH"	1
"OPTOM"	1
"OPTOM"	1
"CHINESE"	1
"CHINESE"	1
"FRENCH"	1
"INTEGBI"	1
"HISTART"	1
"CLASSIC"	1
"CLASSIC"	1
"STAT"	1
"STAT"	1
"STAT"	1
"SLAVIC"	1
"SLAVIC"	1
"FILIPN"	1
"FILIPN"	1
"CLASSIC"	1
"EDUC"	1
"JEWISH"	1
"ETH STD"	1
"CHM ENG"	1
"CHM ENG"	1
"CHM ENG"	1
"CHM ENG"	1
"ETH STD"	1
"MATH"	1
"MATH"	1
"HISTORY"	1
"IAS"	1
"IAS"	1
"IAS"	1
"POL SCI"	1
"POL SCI"	1
"ESPM"	1
"MED ST"	1
"ESPM"	1
"BIO ENG"	1
"LINGUIS"	1
"ANTHRO"	1
"MATH"	1
"MATH"	1
"PLANTBI"	1
"PUB POL"	1
"BIO ENG"	1
"EPS"	1
"EDUC"	1
"CHEM"	1
"GERMAN"	1
"FRENCH"	1
"ANTHRO"	1
"LGBT"	1
"UGIS"	1
"PB HLTH"	1
"ANTHRO"	1
"LINGUIS"	1
"ITALIAN"	1
"LEGALST"	1
"LGBT"	1
"S ASIAN"	1
"S ASIAN"	1
"EA LANG"	1
"INTEGBI"	1
"DEV STD"	1
"PHILOS"	1
"PHILOS"	1
"FILM"	1
"NUC ENG"	1
"BIO ENG"	1
"PHILOS"	1
"PHILOS"	1
"UGBA"	1
"UGBA"	1
"UGBA"	1
"UGBA"	1
"AFRICAM"	1
"KOREAN"	1
"KOREAN"	1
"ARCH"	1
"JOURN"	1
"JOURN"	1
"AFRICAM"	1
"AFRICAM"	1
"FRENCH"	1
"FRENCH"	1
"GEOG"	1
"ARCH"	1
"PHILOS"	1
"MEC ENG"	1
"SLAVIC"	1
"INTEGBI"	1
"SLAVIC"	1
"SLAVIC"	1
"SLAVIC"	1
"SLAVIC"	1
"CHEM"	1
"UGBA"	1
"CHEM"	1
"HISTORY"	1
"INTEGBI"	1
"SEASIAN"	1
"SEASIAN"	1
"LGBT"	1
"COMPSCI"	1
"COMPSCI"	1
"COMPSCI"	1
"COMPSCI"	1
"ESPM"	1
"CY PLAN"	1
"CY PLAN"	1
"CY PLAN"	1
"IND ENG"	1
"ESPM"	1
"IND ENG"	1
"IND ENG"	1
"CY PLAN"	1
"IND ENG"	1
"IND ENG"	1
"NSE"	1
"NSE"	1
"MCELLBI"	1
"MCELLBI"	1
"COMPSCI"	1
"MCELLBI"	1
"COMPSCI"	1
"MCELLBI"	1
"ASTRON"	1
"ENE,RES"	1
"EDUC"	1
"PUB POL"	1
"PUB POL"	1
"SOCIOL"	1
"SOCIOL"	1
"EPS"	1
"AMERSTD"	1
"ETH GRP"	1
"PHDBA"	1
"CIV ENG"	1
"MAT SCI"	1
"DUTCH"	1
"SCANDIN"	1
"SCANDIN"	1
"INFO"	1
"INFO"	1
"INFO"	1
"INFO"	1
"INFO"	1
"PB HLTH"	1
"HISTORY"	1
"MATH"	1
"EDUC"	1
"GREEK"	1
"MATH"	1
"MATH"	1
"INTEGBI"	1
"ITALIAN"	1
"ITALIAN"	1
"COLWRIT"	1
"COLWRIT"	1
"UGIS"	1
"AEROSPC"	1
"HISTORY"	1
"AEROSPC"	1
"EDUC"	1
"THEATER"	1
"EDUC"	1
"FILM"	1
"FILM"	1
"FILM"	1
"PHILOS"	1
"POL SCI"	1
"COMPSCI"	1
"COMPSCI"	1
"PSYCH"	1
"ART"	1
"ART"	1
"BIO ENG"	1
"ENGLISH"	1
"BIO ENG"	1
"CIV ENG"	1
"CIV ENG"	1
"CIV ENG"	1
"LD ARCH"	1
"CIV ENG"	1
"FRENCH"	1
"FRENCH"	1
"TAGALG"	1
"TAGALG"	1
"PACS"	1
"MBA"	1
"CHM ENG"	1
"CHM ENG"	1
"MBA"	1
"PLANTBI"	1
"MEC ENG"	1
"MEC ENG"	1
"MEC ENG"	1
"MCELLBI"	1
"FRENCH"	1
"FRENCH"	1
"GREEK"	1
"ANTHRO"	1
"LINGUIS"	1
"LINGUIS"	1
"LATAMST"	1
"MEC ENG"	1
"MEC ENG"	1
"LD ARCH"	1
"MEC ENG"	1
"MEDIAST"	1
"JEWISH"	1
"SPANISH"	1
"NWMEDIA"	1
"ESPM"	1
"ESPM"	1
"PHYSICS"	1
"MCELLBI"	1
"MCELLBI"	1
"MCELLBI"	1
"MCELLBI"	1
"MCELLBI"	1
"MCELLBI"	1
"MCELLBI"	1
"MCELLBI"	1
"MCELLBI"	1
"FRENCH"	1
"MCELLBI"	1
"MCELLBI"	1
"FRENCH"	1
"MCELLBI"	1
"MCELLBI"	1
"MCELLBI"	1
"MCELLBI"	1
"MCELLBI"	1
"MCELLBI"	1
"MCELLBI"	1
"MCELLBI"	1
"MCELLBI"	1
"MCELLBI"	1
"EDUC"	1
"DEVP"	1
"CIV ENG"	1
"CIV ENG"	1
"VIS SCI"	1
"ETH STD"	1
"CIV ENG"	1
"CIV ENG"	1
"CIV ENG"	1
"CIV ENG"	1
"NWMEDIA"	1
"JAPAN"	1
"JAPAN"	1
"NUSCTX"	1
"ESPM"	1
"PB HLTH"	1
"PB HLTH"	1
"KOREAN"	1
"ARABIC"	1
"HISTORY"	1
"AST"	1
"SPANISH"	1
"SCANDIN"	1
"CHEM"	1
"LINGUIS"	1
"HISTART"	1
"EWMBA"	1
"EWMBA"	1
"LINGUIS"	1
"EWMBA"	1
"HISTART"	1
"GERMAN"	1
"SOC WEL"	1
"POL SCI"	1
"EDUC"	1
"EDUC"	1
"ESPM"	1
"PB HLTH"	1
"PB HLTH"	1
"ESPM"	1
"PB HLTH"	1
"PB HLTH"	1
"PB HLTH"	1
"CIV ENG"	1
"MEC ENG"	1
"INTEGBI"	1
"FILM"	1
"FILM"	1
"EPS"	1
"VIS STD"	1
"NUC ENG"	1
"NUC ENG"	1
"NUSCTX"	1
"AFRICAM"	1
"AFRICAM"	1
"TIBETAN"	1
"CIV ENG"	1
"GEOG"	1
"JOURN"	1
"LD ARCH"	1
"INTEGBI"	1
"AFRICAM"	1
"AFRICAM"	1
"HISTORY"	1
"HISTORY"	1
"BIO ENG"	1
"PHYSICS"	1
"FRENCH"	1
"FRENCH"	1
"INFO"	1
"INFO"	1
"CHEM"	1
"CHEM"	1
"RHETOR"	1
"SOC WEL"	1
"HISTORY"	1
"GWS"	1
"MCELLBI"	1
"MCELLBI"	1
"IND ENG"	1
"IND ENG"	1
"IND ENG"	1
"HISTART"	1
"HISTART"	1
"HISTART"	1
"ASTRON"	1
"UGBA"	1
"ARCH"	1
"ARCH"	1
"KOREAN"	1
"ARCH"	1
"MUSIC"	1
"MCELLBI"	1
"AMERSTD"	1
"ASTRON"	1
"MAT SCI"	1
"CIV ENG"	1
"MCELLBI"	1
"S ASIAN"	1
"NUSCTX"	1
"CIV ENG"	1
"CIV ENG"	1
"CIV ENG"	1
"CIV ENG"	1
"SCANDIN"	1
"SCANDIN"	1
"LNS"	1
"COMPSCI"	1
"UGIS"	1
"ARCH"	1
"ETH GRP"	1
"JAPAN"	1
"JAPAN"	1
"CIV ENG"	1
"CIV ENG"	1
"CIV ENG"	1
"CIV ENG"	1
"CIV ENG"	1
"CIV ENG"	1
"CIV ENG"	1
"CIV ENG"	1
"CIV ENG"	1
"CY PLAN"	1
"IND ENG"	1
"LNS"	1
"COLWRIT"	1
"UGIS"	1
"UGIS"	1
"UGIS"	1
"MAT SCI"	1
"UGIS"	1
"UGIS"	1
"UGIS"	1
"UGIS"	1
"UGIS"	1
"UGIS"	1
"UGIS"	1
"UGIS"	1
"OPTOM"	1
"OPTOM"	1
"UGIS"	1
"ENE,RES"	1
"UGIS"	1
"FILM"	1
"FILM"	1
"AST"	1
"MEDIAST"	1
"GREEK"	1
"GREEK"	1
"GREEK"	1
"IAS"	1
"IAS"	1
"LINGUIS"	1
"ITALIAN"	1
"ITALIAN"	1
"DUTCH"	1
"ESPM"	1
"THEATER"	1
"LNS"	1
"LNS"	1
"EA LANG"	1
"EA LANG"	1
"EA LANG"	1
"BIOPHY"	1
"BIO ENG"	1
"BIO ENG"	1
"PB HLTH"	1
"RHETOR"	1
"RHETOR"	1
"PB HLTH"	1
"LD ARCH"	1
"ENVECON"	1
"AFRICAM"	1
"AFRICAM"	1
"ENVECON"	1
"FRENCH"	1
"FRENCH"	1
"PB HLTH"	1
"PLANTBI"	1
"PB HLTH"	1
"PLANTBI"	1
"PLANTBI"	1
"PLANTBI"	1
"PLANTBI"	1
"STAT"	1
"CIV ENG"	1
"MEC ENG"	1
"MEC ENG"	1
"IAS"	1
"FRENCH"	1
"CLASSIC"	1
"CLASSIC"	1
"LINGUIS"	1
"BIO ENG"	1
"BIO ENG"	1
"EWMBA"	1
"ENGIN"	1
"MATH"	1
"MATH"	1
"ENVECON"	1
"ENVECON"	1
"RHETOR"	1
"ENGIN"	1
"EWMBA"	1
"PUB POL"	1
"GEOG"	1
"FRENCH"	1
"MIL AFF"	1
"PHILOS"	1
"PHILOS"	1
"ECON"	1
"ESPM"	1
"MBA"	1
"MCELLBI"	1
"UGBA"	1
"UGBA"	1
"XMBA"	1
"XMBA"	1
"TIBETAN"	1
"ITALIAN"	1
"VIS SCI"	1
"ANTHRO"	1
"NUSCTX"	1
"NUSCTX"	1
"ESPM"	1
"ESPM"	1
"ESPM"	1
"ESPM"	1
"ESPM"	1
"ESPM"	1
"CIV ENG"	1
"CIV ENG"	1
"SOCIOL"	1
"ESPM"	1
"NEUROSC"	1
"NEUROSC"	1
"SOCIOL"	1
"CHM ENG"	1
"PHDBA"	1
"PHDBA"	1
"THEATER"	1
"THEATER"	1
"THEATER"	1
"ANTHRO"	1
"ECON"	1
"ECON"	1
"EDUC"	1
"ECON"	1
"HISTORY"	1
"EDUC"	1
"EDUC"	1
"PHILOS"	1
"TAGALG"	1
"PHILOS"	1
"AMERSTD"	1
"PLANTBI"	1
"TAGALG"	1
"PB HLTH"	1
"PB HLTH"	1
"PB HLTH"	1
"PB HLTH"	1
"PB HLTH"	1
"CIV ENG"	1
"MEC ENG"	1
"PHILOS"	1
"A,RESEC"	1
"EL ENG"	1
"EL ENG"	1
"EL ENG"	1
"EL ENG"	1
"EL ENG"	1
"NUC ENG"	1
"VIS SCI"	1
"NATAMST"	1
"MAT SCI"	1
"MAT SCI"	1
"EPS"	1
"EPS"	1
"EPS"	1
"PHYSICS"	1
"PHYSICS"	1
"SPANISH"	1
"LD ARCH"	1
"JOURN"	1
"POL SCI"	1
"ETH STD"	1
"ETH STD"	1
"ARCH"	1
"ARCH"	1
"ARCH"	1
"TIBETAN"	1
"PLANTBI"	1
"CHEM"	1
"UGIS"	1
"PLANTBI"	1
"PLANTBI"	1
"CLASSIC"	1
"KOREAN"	1
"LATAMST"	1
"LATAMST"	1
"LATAMST"	1
"GWS"	1
"GWS"	1
"S,SEASN"	1
"EDUC"	1
"ECON"	1
"UGBA"	1
"UGBA"	1
"UGBA"	1
"POL SCI"	1
"UGBA"	1
"SOCIOL"	1
"SOCIOL"	1
"SCANDIN"	1
"ARCH"	1
"IAS"	1
"ARCH"	1
"A,RESEC"	1
"A,RESEC"	1
"S ASIAN"	1
"ANTHRO"	1
"ANTHRO"	1
"IND ENG"	1
"IND ENG"	1
"IND ENG"	1
"ANTHRO"	1
"SOCIOL"	1
"SCANDIN"	1
"MATH"	1
"MATH"	1
"ESPM"	1
"IND ENG"	1
"MAT SCI"	1
"MAT SCI"	1
"MAT SCI"	1
"MEC ENG"	1
"CIV ENG"	1
"CIV ENG"	1
"CIV ENG"	1
"CIV ENG"	1
"MCELLBI"	1
"CIV ENG"	1
"CIV ENG"	1
"CIV ENG"	1
"CIV ENG"	1
"INFO"	1
"INFO"	1
"MATH"	1
"INFO"	1
"INFO"	1
"INFO"	1
"INFO"	1
"OPTOM"	1
"OPTOM"	1
"PHILOS"	1
"PB HLTH"	1
"SLAVIC"	1
"SCANDIN"	1
"CMPBIO"	1
"ARCH"	1
"EPS"	1
"THEATER"	1
"EPS"	1
"SLAVIC"	1
"PLANTBI"	1
"MEDIAST"	1
"AFRICAM"	1
"LINGUIS"	1
"COMPSCI"	1
"DUTCH"	1
"UGIS"	1
"UGIS"	1
"UGIS"	1
"UGIS"	1
"UGIS"	1
"ECON"	1
"ECON"	1
"GERMAN"	1
"RHETOR"	1
"RHETOR"	1
"RHETOR"	1
"MEC ENG"	1
"MEC ENG"	1
"MEC ENG"	1
"MEC ENG"	1
"MEC ENG"	1
"MEC ENG"	1
"MEC ENG"	1
"MEC ENG"	1
"STAT"	1
"BIO ENG"	1
"BIO ENG"	1
"BIO ENG"	1
"BIO ENG"	1
"CHEM"	1
"CIV ENG"	1
"CIV ENG"	1
"GWS"	1
"TIBETAN"	1
"ASTRON"	1
"STAT"	1
"PB HLTH"	1
"MEC ENG"	1
"MEC ENG"	1
"MEC ENG"	1
"MEC ENG"	1
"EL ENG"	1
"STAT"	1
"STAT"	1
"MEC ENG"	1
"EDUC"	1
"EDUC"	1
"LINGUIS"	1
"CY PLAN"	1
"HISTORY"	1
"HISTORY"	1
"THEATER"	1
"THEATER"	1
"XMBA"	1
"ESPM"	1
"ESPM"	1
"FRENCH"	1
"GEOG"	1
"ESPM"	1
"MCELLBI"	1
"MCELLBI"	1
"MCELLBI"	1
"MCELLBI"	1
"ESPM"	1
"ESPM"	1
"MCELLBI"	1
"MCELLBI"	1
"POL SCI"	1
"MCELLBI"	1
"MCELLBI"	1
"ARABIC"	1
"ECON"	1
"ECON"	1
"KOREAN"	1
"KOREAN"	1
"KOREAN"	1
"KOREAN"	1
"SOCIOL"	1
"SOCIOL"	1
"KOREAN"	1
"NUSCTX"	1
"ESPM"	1
"ESPM"	1
"NUSCTX"	1
"ESPM"	1
"ESPM"	1
"ESPM"	1
"ANTHRO"	1
"ESPM"	1
"CIV ENG"	1
"ARABIC"	1
"GERMAN"	1
"MCELLBI"	1
"GERMAN"	1
"ISF"	1
"CHEM"	1
"EWMBA"	1
"MATH"	1
"MATH"	1
"MATH"	1
"EWMBA"	1
"EWMBA"	1
"EWMBA"	1
"EWMBA"	1
"EWMBA"	1
"EWMBA"	1
"EWMBA"	1
"COMPSCI"	1
"EWMBA"	1
"DEMOG"	1
"FRENCH"	1
"MEDIAST"	1
"EL ENG"	1
"INFO"	1
"PB HLTH"	1
"PB HLTH"	1
"PB HLTH"	1
"PB HLTH"	1
"PB HLTH"	1
"POL SCI"	1
"UGIS"	1
"UGIS"	1
"POL SCI"	1
"UGIS"	1
"PHYSICS"	1
"SPANISH"	1
"SPANISH"	1
"PB HLTH"	1
"PB HLTH"	1
"PB HLTH"	1
"UGIS"	1
"PB HLTH"	1
"LINGUIS"	1
"UGIS"	1
"LINGUIS"	1
"UGIS"	1
"JOURN"	1
"PHILOS"	1
"PHILOS"	1
"PHILOS"	1
"PHDBA"	1
"INTEGBI"	1
"JOURN"	1
"PHDBA"	1
"PHDBA"	1
"PHDBA"	1
"PHDBA"	1
"PHDBA"	1
"EL ENG"	1
"SLAVIC"	1
"EL ENG"	1
"SLAVIC"	1
"SLAVIC"	1
"UGIS"	1
"LD ARCH"	1
"NATAMST"	1
"MEC ENG"	1
"PERSIAN"	1
"AFRICAM"	1
"AFRICAM"	1
"AFRICAM"	1
"LNS"	1
"BIO ENG"	1
"MCELLBI"	1
"MCELLBI"	1
"MCELLBI"	1
"INTEGBI"	1
"JOURN"	1
"INTEGBI"	1
"INTEGBI"	1
"AFRICAM"	1
"POL SCI"	1
"PACS"	1
"FRENCH"	1
"FRENCH"	1
"THAI"	1
"MAT SCI"	1
"THAI"	1
"HISTORY"	1
"IND ENG"	1
"IND ENG"	1
"NAT RES"	1
"SCANDIN"	1
"GERMAN"	1
"MAT SCI"	1
"MAT SCI"	1
"MAT SCI"	1
"MAT SCI"	1
"MAT SCI"	1
"CIV ENG"	1
"CIV ENG"	1
"CIV ENG"	1
"CIV ENG"	1
"CIV ENG"	1
"ARCH"	1
"ARCH"	1
"ARCH"	1
"ARCH"	1
"COLWRIT"	1
"PUB POL"	1
"EPS"	1
"NATAMST"	1
"NATAMST"	1
"EPS"	1
"AFRICAM"	1
"NATAMST"	1
"CY PLAN"	1
"CY PLAN"	1
"CY PLAN"	1
"CY PLAN"	1
"COMPSCI"	1
"IAS"	1
"DUTCH"	1
"CIV ENG"	1
"THEATER"	1
"THEATER"	1
"HMEDSCI"	1
"INFO"	1
"LGBT"	1
"PB HLTH"	1
"PB HLTH"	1
"MEC ENG"	1
"COMPSCI"	1
"NUC ENG"	1
"PHYSICS"	1
"NUC ENG"	1
"BIO ENG"	1
"HMEDSCI"	1
"GEOG"	1
"GEOG"	1
"HMEDSCI"	1
"GEOG"	1
"DEMOG"	1
"PHDBA"	1
"PHDBA"	1
"PHDBA"	1
"MCELLBI"	1
"MCELLBI"	1
"SOCIOL"	1
"NUSCTX"	1
"NUSCTX"	1
"ENV SCI"	1
"THEATER"	1
"THEATER"	1
"MCELLBI"	1
"MCELLBI"	1
"PLANTBI"	1
"SOCIOL"	1
"NUSCTX"	1
"ASTRON"	1
"NUSCTX"	1
"EWMBA"	1
"EWMBA"	1
"EWMBA"	1
"EWMBA"	1
"THEATER"	1
"THEATER"	1
"AFRICAM"	1
"CHINESE"	1
"CHINESE"	1
"BUDDSTD"	1
"BUDDSTD"	1
"CHM ENG"	1
"CHM ENG"	1
"MIL AFF"	1
"CY PLAN"	1
"ASAMST"	1
"ASAMST"	1
"ASAMST"	1
"ESPM"	1
"ESPM"	1
"FRENCH"	1
"FRENCH"	1
"STAT"	1
"STAT"	1
"XMBA"	1
"XMBA"	1
"XMBA"	1
"EDUC"	1
"AFRICAM"	1
"ESPM"	1
"ESPM"	1
"ESPM"	1
"ESPM"	1
"EWMBA"	1
"EWMBA"	1
"COG SCI"	1
"THEATER"	1
"THEATER"	1
"ESPM"	1
"MEC ENG"	1
"MEC ENG"	1
"MEC ENG"	1
"CHEM"	1
"CHEM"	1
"CHEM"	1
"ISF"	1
"NUSCTX"	1
"SEMITIC"	1
"ENVECON"	1
"PHYS ED"	1
"LEGALST"	1
"GSPDP"	1
"LD ARCH"	1
"PHDBA"	1
"MAT SCI"	1
"HISTORY"	1
"HISTORY"	1
"HISTORY"	1
"MUSIC"	1
"ETH STD"	1
"ASAMST"	1
"NATAMST"	1
"NATAMST"	1
"PB HLTH"	1
"PB HLTH"	1
"PB HLTH"	1
"CELTIC"	1
"PB HLTH"	1
"ANTHRO"	1
"FILM"	1
"FILM"	1
"MAT SCI"	1
"VIS STD"	1
"LNS"	1
"HMEDSCI"	1
"EL ENG"	1
"VIS STD"	1
"PSYCH"	1
"CHEM"	1
"EL ENG"	1
"EL ENG"	1
"CHEM"	1
"PB HLTH"	1
"PB HLTH"	1
"AFRICAM"	1
"ARCH"	1
"MUSIC"	1
"CLASSIC"	1
"BUDDSTD"	1
"PHYSICS"	1
"EDUC"	1
"EL ENG"	1
"EL ENG"	1
"MCELLBI"	1
"BIO ENG"	1
"MCELLBI"	1
"MCELLBI"	1
"POL SCI"	1
"PACS"	1
"PACS"	1
"CHEM"	1
"UGBA"	1
"GWS"	1
"LATAMST"	1
"SOCIOL"	1
"EL ENG"	1
"IND ENG"	1
"ITALIAN"	1
"UGIS"	1
"CIV ENG"	1
"ENE,RES"	1
"CIV ENG"	1
"THEATER"	1
"SANSKR"	1
"SANSKR"	1
"ARCH"	1
"ARCH"	1
"ARCH"	1
"ARCH"	1
"NAV SCI"	1
"NAV SCI"	1
"NAV SCI"	1
"NAV SCI"	1
"NAV SCI"	1
"MUSIC"	1
"COMPSCI"	1
"COMPSCI"	1
"PUB POL"	1
"PUB POL"	1
"BUDDSTD"	1
"BUDDSTD"	1
"BUDDSTD"	1
"SCANDIN"	1
"PB HLTH"	1
"DEMOG"	1
"EAEURST"	1
"EAEURST"	1
"EDUC"	1
"POL SCI"	1
"EDUC"	1
"EDUC"	1
"RHETOR"	1
"RHETOR"	1
"RHETOR"	1
"RHETOR"	1
"HMEDSCI"	1
"CHM ENG"	1
"FILIPN"	1
"FILIPN"	1
"DEVP"	1
"ART"	1
"PHYSICS"	1
"SPANISH"	1
"SPANISH"	1
"SPANISH"	1
"GERMAN"	1
"ENV DES"	1
"ENV DES"	1
"ENV DES"	1
"HISTART"	1
"PLANTBI"	1
"IAS"	1
"OPTOM"	1
"NUC ENG"	1
"EDUC"	1
"EDUC"	1
"ENV DES"	1
"ENV DES"	1
"EWMBA"	1
"RHETOR"	1
"BUDDSTD"	1
"ENVECON"	1
"TIBETAN"	1
"TIBETAN"	1
"ARCH"	1
"IAS"	1
"ENGLISH"	1
"EAEURST"	1
"EAEURST"	1
"PHYSICS"	1
"PB HLTH"	1
"ANTHRO"	1
"PB HLTH"	1
"PB HLTH"	1
"ECON"	1
"MBA"	1
"MBA"	1
"EWMBA"	1
"EWMBA"	1
"MBA"	1
"ETH STD"	1
"ETH STD"	1
"ETH STD"	1
"ETH STD"	1
"EWMBA"	1
"PLANTBI"	1
"PLANTBI"	1
"PLANTBI"	1
"AMERSTD"	1
"HISTART"	1
"HISTART"	1
"EL ENG"	1
"HISTART"	1
"DEV STD"	1
"HISTORY"	1
"SOC WEL"	1
"PB HLTH"	1
"PB HLTH"	1
"PB HLTH"	1
"LNS"	1
"GSPDP"	1
"GSPDP"	1
"LEGALST"	1
"LEGALST"	1
"SCMATHE"	1
"PHDBA"	1
"SOCIOL"	1
"SCMATHE"	1
"EDUC"	1
"MEC ENG"	1
"STAT"	1
"MAT SCI"	1
"CIV ENG"	1
"DUTCH"	1
"INTEGBI"	1
"NUSCTX"	1
"EWMBA"	1
"ANTHRO"	1
"LATAMST"	1
"PSYCH"	1
"PSYCH"	1
"PSYCH"	1
"MAT SCI"	1
"CIV ENG"	1
"FRENCH"	1
"FRENCH"	1
"INTEGBI"	1
"INTEGBI"	1
"INTEGBI"	1
"EL ENG"	1
"AFRICAM"	1
"FOLKLOR"	1
"MEC ENG"	1
"NUC ENG"	1
"NUC ENG"	1
"MUSIC"	1
"MUSIC"	1
"EDUC"	1
"LD ARCH"	1
"LD ARCH"	1
"MEC ENG"	1
"LD ARCH"	1
"MEC ENG"	1
"LD ARCH"	1
"LD ARCH"	1
"LD ARCH"	1
"LNS"	1
"GWS"	1
"GWS"	1
"GWS"	1
"GWS"	1
"PHYSICS"	1
"BIO ENG"	1
"BIO ENG"	1
"SANSKR"	1
"PHYSICS"	1
"PHYSICS"	1
"PHYSICS"	1
"SLAVIC"	1
"SLAVIC"	1
"MCELLBI"	1
"IND ENG"	1
"IND ENG"	1
"POL SCI"	1
"CLASSIC"	1
"NEUROSC"	1
"LATAMST"	1
"INTEGBI"	1
"EL ENG"	1
"EL ENG"	1
"SLAVIC"	1
"SLAVIC"	1
"SLAVIC"	1
"HISTORY"	1
"HISTORY"	1
"HISTORY"	1
"CIV ENG"	1
"CIV ENG"	1
"CIV ENG"	1
"CIV ENG"	1
"EWMBA"	1
"COMPSCI"	1
"ANTHRO"	1
"ARCH"	1
"CHINESE"	1
"CHINESE"	1
"HISTORY"	1
"MAT SCI"	1
"MUSIC"	1
"POLECON"	1
"GERMAN"	1
"GERMAN"	1
"GERMAN"	1
"HISTORY"	1
"SCANDIN"	1
"SCANDIN"	1
"EPS"	1
"GREEK"	1
"GERMAN"	1
"GERMAN"	1
"GERMAN"	1
"GERMAN"	1
"ETH STD"	1
"BIO ENG"	1
"HISTORY"	1
"LD ARCH"	1
"LD ARCH"	1
"EDUC"	1
"ENE,RES"	1
"ENE,RES"	1
"MEC ENG"	1
"ENE,RES"	1
"EPS"	1
"HISTART"	1
"POL SCI"	1
"MAT SCI"	1
"POL SCI"	1
"GEOG"	1
"CIV ENG"	1
"UGIS"	1
"UGIS"	1
"EPS"	1
"UGIS"	1
"PB HLTH"	1
"NUC ENG"	1
"BIO ENG"	1
"ITALIAN"	1
"UGIS"	1
"COLWRIT"	1
"HIN-URD"	1
"HIN-URD"	1
"NUC ENG"	1
"MIL AFF"	1
"MATH"	1
"MIL AFF"	1
"EWMBA"	1
"EWMBA"	1
"NUSCTX"	1
"EWMBA"	1
"ENGIN"	1
"ENGIN"	1
"STAT"	1
"CHINESE"	1
"CHINESE"	1
"CHINESE"	1
"FRENCH"	1
"EDUC"	1
"EDUC"	1
"SOCIOL"	1
"INFO"	1
"PLANTBI"	1
"ENGIN"	1
"STS"	1
"ARCH"	1
"ITALIAN"	1
"ARCH"	1
"ASAMST"	1
"ASAMST"	1
"ASAMST"	1
"ASAMST"	1
"ASAMST"	1
"ASAMST"	1
"FRENCH"	1
"EL ENG"	1
"FRENCH"	1
"MEDIAST"	1
"PLANTBI"	1
"SCANDIN"	1
"PLANTBI"	1
"INTEGBI"	1
"ITALIAN"	1
"PB HLTH"	1
"PB HLTH"	1
"INTEGBI"	1
"PB HLTH"	1
"PB HLTH"	1
"PB HLTH"	1
"PB HLTH"	1
"MALAY/I"	1
"MALAY/I"	1
"JOURN"	1
"ARCH"	1
"ARCH"	1
"MBA"	1
"MBA"	1
"MBA"	1
"CHEM"	1
"MBA"	1
"LD ARCH"	1
"ESPM"	1
"MUSIC"	1
"PLANTBI"	1
"MUSIC"	1
"ESPM"	1
"ESPM"	1
"INTEGBI"	1
"PB HLTH"	1
"PB HLTH"	1
"LEGALST"	1
"LEGALST"	1
"LEGALST"	1
"RELIGST"	1
"BUDDSTD"	1
"THEATER"	1
"OPTOM"	1
"OPTOM"	1
"MAT SCI"	1
"MAT SCI"	1
"HISTORY"	1
"BUDDSTD"	1
"MAT SCI"	1
"ANTHRO"	1
"NSE"	1
"MAT SCI"	1
"ECON"	1
"MCELLBI"	1
"PSYCH"	1
"EA LANG"	1
"EA LANG"	1
"LINGUIS"	1
"LINGUIS"	1
"ETH STD"	1
"HISTORY"	1
"HISTORY"	1
"HISTORY"	1
"PSYCH"	1
"HISTORY"	1
"POL SCI"	1
"SANSKR"	1
"CIV ENG"	1
"CIV ENG"	1
"AFRICAM"	1
"AFRICAM"	1
"GWS"	1
"EL ENG"	1
"EL ENG"	1
"EL ENG"	1
"AFRICAM"	1
"LD ARCH"	1
"LD ARCH"	1
"LD ARCH"	1
"LD ARCH"	1
"LD ARCH"	1
"NUC ENG"	1
"MEC ENG"	1
"INTEGBI"	1
"PB HLTH"	1
"HISTART"	1
"PLANTBI"	1
"PLANTBI"	1
"PLANTBI"	1
"JOURN"	1
"PLANTBI"	1
"JOURN"	1
"JOURN"	1
"BUDDSTD"	1
"BUDDSTD"	1
"JOURN"	1
"JOURN"	1
"CLASSIC"	1
"POL SCI"	1
"POL SCI"	1
"COLWRIT"	1
"COLWRIT"	1
"INFO"	1
